Text,Intent,,
能 提 取 公 积 金 吗,unsupported_request,complicated,199
公 积 金 提 取 能 做 吗,unsupported_request,no_intent,76
综 合 保 险,unknown,purchase,99
自 己 交,unknown,affirm,93
重 拍 了,unknown,unknown,71
中 文 的,unknown,chitchat,63
只 是 断 了,unknown,inform_paid,35
这 样,unknown,query_pay_process,23
这 个 缴 纳,unknown,ask_can_topup,25
这 个,unknown,doublecheck,21
在,unknown,greet,23
有 合 同 没,unknown,ask_shebao_status,23
已 经 减 员 了,unknown,ask_amt_month_fee_total,21
要 下 周,unknown,thankyou,19
续 交,unknown,check_can_pay_current_month,15
姓 名,unknown,query_req_resources,22
下 个 月 一 号,unknown,inform_payment_history,22
下,unknown,deny,14
喜 爱,unknown,purchase_wxyj,11
吴 江,unknown,ask_verify,14
我 一 次 缴 了,unknown,check_is_possible,10
我 说 的 如 果,unknown,get_back_later,11
我 买 了 服 务,unknown,explore_option,20
我 和 他 们 说 一 下,unknown,query_pay_deadline,8
我 给 他 钱,unknown,query_phone,7
我 的 意 思 是,unknown,how_to_pai,8
我 补 三,unknown,query_how_check_shebao_status,12
我 补,unknown,query_when_check_shebao_status,6
我,unknown,request_link,6
维 护 了,unknown,apology,6
微 信 里 填 写 的,unknown,inform_info_filled,9
往 前,unknown,affirm#thankyou,5
王 贞,unknown,ask_amt_service_fee,4
外 地,unknown,clarify,5
是 选 择 的,unknown,ask_turnaround_time,6
上 家 单 位 说 退 了,unknown,query_product_explain,4
上 海 本 地 户 籍,unknown,question_why,3
三 个 月,unknown,report_issue,3
入 职,unknown,ask_can_topup_gjj,6
人 嗯,unknown,inform_early_paid,3
拍 车 牌,unknown,missing_info,3
怕 漏 交,unknown,query_mini_program,5
那 这 样,unknown,query_pregnant,3
明 天,unknown,ask_for_refund,6
没 有 人 事,unknown,query_weixin,4
么 多,unknown,question_reliability,4
吗,unknown,query_canzhangjin,1
麻 烦 提 供 下,unknown,query_have_service_fee,3
麻 烦 了,unknown,query_payment_schedule,1
李 亚 霏,unknown,query_wxyj_included,1
可 以 补 叫 我,unknown,request_future_notify,5
就 是 说,unknown,withdraw_gjj,0
缴 纳 吗,unknown,query_product_price,0
交 齐 全 呢,unknown,query_housing,14
交,unknown,pay_shui,6
几 号 发 的,unknown,,
或 者,unknown,,
后 来 断 了,unknown,,
和,unknown,,
还 是 下 月,unknown,,
房,unknown,,
断 了,unknown,,
读 书 需 要,unknown,,
才 找 淘 宝,unknown,,
不 要 出 纰 漏,unknown,,
本 人,unknown,,
本 科,unknown,,
报 税,unknown,,
3290 这 个 貌 似 是,unknown,,
103 分,unknown,,
[表情],unknown,,
谢 谢 亲,thankyou,,
谢 谢 您,thankyou,,
谢 谢 你 了,thankyou,,
谢 谢 啊,thankyou,,
谢 谢,thankyou,,
谢 了,thankyou,,
哦 哦 谢 谢,thankyou,,
麻 烦 您 了,thankyou,,
合 作 愉 快,thankyou,,
好 谢 谢 谢 谢,thankyou,,
好 谢 谢,thankyou,,
好 的 谢 谢 你 啦,thankyou,,
好 的 谢 谢 你 哈,thankyou,,
好 的 谢 谢 你,thankyou,,
好 的 谢 谢 啦,thankyou,,
好 的 谢 谢,thankyou,,
感 谢,thankyou,,
改 个 价 ， 谢 谢,thankyou,,
tks,thankyou,,
拍 哪 个 链 接 呢,request_link,,
哦 给 个 链 接,request_link,,
能 给 个 链 接 吗,request_link,,
链 接,request_link,,
可 拍 了 吗,request_link,,
给 我 链 接,request_link,,
下 月 叫 我 亲,request_future_notify,,
如 果 有 问 题 及 时 联 系 我,request_future_notify,,
交 完 了 通 知 我 啊,request_future_notify,,
好 了 联 系 我 哦,request_future_notify,,
好 了 叫 我 哦,request_future_notify,,
一 直 进 不 去,report_issue,,
都 没 收 到,report_issue,,
58 那 个 进 不 去,report_issue,,
为 什 么,question_why,,
为 啥 是 今 天,question_why,,
为 啥,question_why,,
正 规 吗,question_reliability,,
真 实 有 效 的 吧,question_reliability,,
真 的 有 效 吗,question_reliability,,
你 们 是 正 规 的 吗,question_reliability,,
五 险 一 金 都 有 吗,query_wxyj_included,,
要 多 久 能 查 到,query_when_check_shebao_status,,
现 在 可 以 查 询 吗,query_when_check_shebao_status,,
什 么 时 候 能 查 到 ,query_when_check_shebao_status,,
几 号 能 查 到 ,query_when_check_shebao_status,,
6 月 什 么 时 候 能 查 到 成 功 缴 费 信 息 呢,query_when_check_shebao_status,,
5 月 的 什 么 时 候 能 查 到,query_when_check_shebao_status,,
有 微 信 吗 ,query_weixin,,
你 们 有 微 信 吗 ,query_weixin,,
可 以 加 微 信 吗 ,query_weixin,,
加 微 信 可 以 吗,query_weixin,,
补 缴 跟 按 时 缴 有 啥 区 别 吗,query_topup,,
补 交 是 怎 样 的,query_topup,,
补 交 跟 按 时 交 有 什 么 差 别,query_topup,,
怎 么 提 交 资 料 的,query_req_resources,,
要 什 么 资 料 吗 ,query_req_resources,,
要 啥 材 料 吗 ,query_req_resources,,
要 哪 些 材 料,query_req_resources,,
需 要 我 提 供 什 东 西 吗 ,query_req_resources,,
需 要 提 供 什 么 资 料 吗,query_req_resources,,
需 要 什 么 资 料,query_req_resources,,
需 要 什 么 信 息,query_req_resources,,
需 要 什 么 吗,query_req_resources,,
需 要 啥 材 料,query_req_resources,,
需 要 啥,query_req_resources,,
需 要 哪 些 资 料,query_req_resources,,
是 要 什 么 么,query_req_resources,,
缺 什 么,query_req_resources,,
那 要 什 么 交,query_req_resources,,
那 我 应 该 提 供 些 什 么 材 料,query_req_resources,,
好 需 要 提 供 啥,query_req_resources,,
还 需 要 其 他 的 么,query_req_resources,,
都 需 要 我 准 备 什 么,query_req_resources,,
都 需 要 什 么 资 料 ,query_req_resources,,
不 出 具 资 料,query_req_resources,,
必 须 工 行 卡 吗,query_req_resources,,
五 险 一 金 里 面 含 公 积 金 吗,query_product_explain,,
社 保 哪 几 种,query_product_explain,,
社 保 代 缴 是 五 险 都 包 含 的 吧,query_product_explain,,
能 帮 忙 介 绍 下 吗,query_product_explain,,
怀 孕 了 社 保 是 怎 么 样,query_pregnant,,
现 在 怀 孕 四 个 月 ， 之 前 上 海 社 保 已 经 交 满 一 年 ， 交 到 生 产 当 月 可 以 领 生 育 津 贴 吗,query_pregnant,,
怀 孕 可 以 交 社 保 吗,query_pregnant,,
有 电 话 吗,query_phone,,
我 想 电 话 咨 询,query_phone,,
手 机 号 码,query_phone,,
你 好 单 位 有 固 定 电 话 嘛 ,query_phone,,
可 以 电 话 咨 询 吗,query_phone,,
可 以 电 话 联 系 下 吗,query_phone,,
方 便 电 话 吗,query_phone,,
可 以 一 月 一 交 吗,query_payment_schedule,,
怎 么 下 单,query_pay_process,,
怎 么 收 费 呢,query_pay_process,,
怎 么 交,query_pay_process,,
怎 么 付 钱,query_pay_process,,
怎 么 付 款,query_pay_process,,
怎 么 操 作,query_pay_process,,
怎 么 办 理 呢,query_pay_process,,
怎 么 办 理,query_pay_process,,
我 需 要 做 什 么 ,query_pay_process,,
如 何 付 费 ,query_pay_process,,
去 那 里 交,query_pay_process,,
那 我 怎 么 下 单,query_pay_process,,
那 我 怎 么 办 理,query_pay_process,,
流 程 再 给 我 下,query_pay_process,,
流 程 是 什 么,query_pay_process,,
流 程 是,query_pay_process,,
流 程,query_pay_process,,
还 是 要 怎 么 交,query_pay_process,,
付 款 怎 么 操 做 呢,query_pay_process,,
费 用 怎 么 走,query_pay_process,,
费 用 怎 么 收 取,query_pay_process,,
参 保 流 程,query_pay_process,,
比 例 怎 么 缴 费 的,query_pay_process,,
只 缴 纳 养 老 可 以 吗,query_pay_part_only,,
可 以 只 交 医 保 吗,query_pay_part_only,,
可 以 只 交 养 老 吗,query_pay_part_only,,
可 以 只 交 3 险 吗,query_pay_part_only,,
最 晚 什 么 时 候 下 单,query_pay_deadline,,
时 间 呢,query_pay_deadline,,
每 月 什 么 时 间 下 单,query_pay_deadline,,
每 月 什 么 时 间 交,query_pay_deadline,,
截 止 日 期 是 什 么 时 候,query_pay_deadline,,
几 号 汇 缴,query_pay_deadline,,
6 月 份 最 晚 几 号 交,query_pay_deadline,,
5 月 份 的 最 晚 什 么 时 候 可 以 办 理,query_pay_deadline,,
我 想 交 两 个 地 方 的 社 保 ， 行 吗,query_multiple_locations,,
你 好 ， 就 是 我 现 在 要 从 上 海 离 职 去 北 京 ， 就 是 你 们 这 边 可 以 帮 忙 续 交 上 海 社 保 是 吧 ,query_multiple_locations,,
可 以 交 不 同 地 区 的 社 保 吗,query_multiple_locations,,
怎 么 找 小 程 序,query_mini_program,,
小 程 序 怎 么 开 呢,query_mini_program,,
小 程 序 怎 么 开,query_mini_program,,
小 程 序,query_mini_program,,
什 么 微 信 小 程 序,query_mini_program,,
怎 么 查 询 呢 ,query_how_check_shebao_status,,
在 哪 能 查 到 ,query_how_check_shebao_status,,
在 哪 里 能 查 到 ,query_how_check_shebao_status,,
我 怎 么 查 询 ,query_how_check_shebao_status,,
网 上 可 以 查 询 吗,query_how_check_shebao_status,,
如 何 查 询 ,query_how_check_shebao_status,,
你 好 我 在 哪 里 查 询 社 保 金 额 是 否 已 经 到 账 呢,query_how_check_shebao_status,,
缴 纳 可 以 查 看 记 录 吗,query_how_check_shebao_status,,
查 询 社 保 资 格,query_how_check_shebao_status,,
查 询 缴 纳,query_how_check_shebao_status,,
社 保 怎 么 查,query_how_check_shebao_status,,
社 保 如 何 查 询,query_how_check_shebao_status,,
长 沙 二 套 房 首 付 是 多 少 知 道 吗,query_housing,,
影 响 买 房 吗,query_housing,,
因 为 我 马 上 要 买 房 ， 会 有 什 么 影 响,query_housing,,
想 咨 询 下 ， 本 人 想 在 长 沙 购 房 ， 本 人 户 口 是 湖 南 常 德 ， 因 为 限 购 ， 需 要 先 缴 纳 社 保 2 年 连 续 的 ， 想 问 要 怎 么 去 办 理 和 缴 费 呢,query_housing,,
我 问 一 下 ， 在 你 们 这 边 代 缴 公 积 金 ， 后 面 想 办 公 积 金 贷 款 的 话 怎 么 操 作 呢,query_housing,,
我 目 的 是 为 了 买 苏 州 全 区 的 房 子,query_housing,,
你 好 ， 在 吗  想 问 一 下 我 姐 姐 长 沙 的 房 子 赠 送 给 我 ， 但 我 不 是 长 沙 户 口 ， 这 种 可 以 吗 ,query_housing,,
买 房 呢,query_housing,,
房 屋 中 介 能 缴,query_housing,,
发 送 缴 纳 通 知,query_housing,,
补 缴 对 孩 子 上 学 和 买 房 有 影 响 吗,query_housing,,
会 不 会 影 响 买 房,query_housing,,
不 影 响 买 房 吧,query_housing,,
比 如 购 房,query_housing,,
有 服 务 费 啊,query_have_service_fee,,
服 务 费 有 吗,query_have_service_fee,,
不 加 服 务 费 的 吧,query_have_service_fee,,
你 们 公 司 的 名 字 是 什 么,query_company_name,,
公 司 名 字 是 啥,query_company_name,,
那 残 章 金 呢,query_canzhangjin,,
这 个 有 啥 影 响 么,query_various_effects,,
社 保 影 响 吗,query_various_effects,,
社 保 断 缴 有 什 么 影 响 吗,query_various_effects,,
那 有 什 么 影 响 吗,query_various_effects,,
公 积 金 断 缴 有 影 响 吗,query_various_effects,,
公 积 金 断 缴 会 有 什 么 问 题 吗 。 断 几 个 月,query_various_effects,,
不 影 响 吧,query_various_effects,,
这 个 社 保 公 积 金 一 共 多 少 钱,purchase_wxyj,,
五 险 一 金,purchase_wxyj,,
社 保 加 公 积 金 上 海 的 一 个 月 差 不 多 要 多 少,purchase_wxyj,,
社 保 公 积 金 一 起 做 收 多 少 服 务 费 啊,purchase_wxyj,,
社 保 公 积 金 呢,purchase_wxyj,,
社 保 公 积 金,purchase_wxyj,,
社 保   + 公 积 金,purchase_wxyj,,
您 好 ， 五 险 一 金 服 务 费 怎 么 收,purchase_wxyj,,
您 好 ， 我 想 咨 询 一 下 上 海 代 缴 五 险 一 金,purchase_wxyj,,
5 月 社 保 和 公 积 金,purchase_wxyj,,
5 月 份 社 保 公 积 金,purchase_wxyj,,
最 低 基 数,purchase,,
最 低 的 额 度 ， 是 多 少,purchase,,
只 买 社 保,purchase,,
只 交 社 保 可 以 吧,purchase,,
只 交 社 保 多 少 钱 ,purchase,,
只 交 社 保,purchase,,
怎 么 缴 纳 社 保 的 ,purchase,,
园 区 的 可 以 交 吗,purchase,,
有 闲 林 的 吗,purchase,,
要 交 社 保 可 以 吗,purchase,,
要 交 社 保,purchase,,
要 交 上 海 社 保 可 以 吗,purchase,,
要 交 上 海 社 保,purchase,,
要 交 杭 州 社 保 可 以 吗,purchase,,
要 交 杭 州 社 保,purchase,,
要 交 广 州 社 保 可 以 吗,purchase,,
要 交 广 州 社 保,purchase,,
要 交 成 都 社 保 可 以 吗,purchase,,
要 交 成 都 社 保,purchase,,
要 交 北 京 社 保 可 以 吗,purchase,,
要 交 北 京 社 保,purchase,,
要 付 社 保,purchase,,
需 要 缴 纳 社 保,purchase,,
需 要 缴 纳,purchase,,
需 要 交 社 保,purchase,,
需 要 付 社 保,purchase,,
需 要 代 缴,purchase,,
想 在 广 州 教 社 保,purchase,,
想 问 下 上 海 社 保 的 情 况,purchase,,
想 问 下 杭 州 社 保 的 情 况,purchase,,
现 在 想 交,purchase,,
我 要 缴 纳 社 保,purchase,,
我 要 交 杭 州 社 保,purchase,,
我 要 付 社 保,purchase,,
我 需 要 交 公 积 金,purchase,,
我 想 缴 社 保,purchase,,
维 洛 代 缴 的,purchase,,
是 不 是 需 要 代 缴,purchase,,
社 保 最 低 档 多 少 钱,purchase,,
社 保 怎 么 缴 纳,purchase,,
社 保 可 以 交 吗,purchase,,
社 保 就 行,purchase,,
社 保 缴 纳,purchase,,
社 保 还 可 以 交 吗 ,purchase,,
社 保 单 位 有 交,purchase,,
社 保 代 缴 吗,purchase,,
社 保 不 想 断 可 以 在 你 这 里 交 吗,purchase,,
社 保,purchase,,
上 海 生 育 保 险   要 缴 纳 多 久,purchase,,
上 海 社 保 可 以 交 吗,purchase,,
上 海 社 保 公 积 金 代 缴 怎 么 办 理 收 费,purchase,,
上 海 社 保,purchase,,
上 海 多 少,purchase,,
请 问 可 以 开 吗,purchase,,
请 问 可 以 代 缴 上 海 社 保 吗,purchase,,
请 问 代 缴 社 保 的 小 程 序 里 “ 入 职 时 间 ” 怎 么 填 ,purchase,,
您 好 ， 我 这 边 在 办 离 职 手 续 ，   H R 那 边 需 要 我 填 一 个 公 积 金 的 处 理 方 式 ， 如 果 我 后 续 准 备 在 你 们 这 边 办 理 代 缴 的 话 ， 是 选 封 存 吗 ,purchase,,
您 好 ， 我 想 咨 询 一 下 代 缴 五 险 一 金,purchase,,
你 这 可 以 代 缴 杭 州 五 险 一 金 是 吗,purchase,,
你 们 代 缴 社 保 ， 后 期 可 以 领 取 生 育 津 贴 吗,purchase,,
你 家 无 锡 有 代 缴 嘛 ,unsupported_request,,
你 好 ， 社 保 ， 你 这 能 补 交 吗 ,purchase,,
你 好 ， 请 问 如 果 选 择 你 们 代 缴 上 海 社 保 ， 你 们 是 以 哪 家 公 司 名 义 缴 纳 ,purchase,,
那 我 需 要 交 社 保,purchase,,
那 就 单 纯 社 保 吧,purchase,,
老 板 ， 能 代 缴 湖 南 省 直 社 保 吗,purchase,,
可 以 只 交 社 保 吗,purchase,,
可 以 交 社 保 不,purchase,,
交 社 保 可 以 吗,purchase,,
交 社 保,purchase,,
交 上 海 社 保 可 以 吗,purchase,,
交 上 海 社 保,purchase,,
交 杭 州 社 保 可 以 吗,purchase,,
交 杭 州 社 保,purchase,,
交 广 州 社 保 可 以 吗,purchase,,
交 广 州 社 保,purchase,,
交 工 资 加 社 保,purchase,,
交 成 都 社 保 可 以 吗,purchase,,
交 成 都 社 保,purchase,,
交 北 京 社 保 可 以 吗,purchase,,
交 北 京 社 保,purchase,,
杭 州 社 保 可 以 交 吗,purchase,,
广 州 社 保 可 以 交 吗,purchase,,
光 缴 纳 公 积 金 可 以 吗,purchase,,
公 积 金 也 能 交 吗,purchase,,
代 缴 社 保 费 用   是 怎 么 收 费 的 呀,purchase,,
代 缴 社 保 费 用,purchase,,
代 缴 社 保,purchase,,
代 缴 包 括 公 司 部 分 和 个 人 部 分 吗,purchase,,
代 缴,purchase,,
成 都 社 保 可 以 交 吗,purchase,,
不 买 公 积 金,explore_option,,
不 交 公 积 金,explore_option,,
北 京 社 保 可 以 交 吗,purchase,,
按 最 低 交,purchase,,
按 最 低 的 交,purchase,,
按 最 低 的,purchase,,
5 月 份 社 保,purchase,,
5 月 份 杭 州 社 保 今 天 能 交 么,purchase,,
4 月 份 的 要 开 始 买,purchase,,
4 月 的 社 保 交 了 吗,purchase,,
4 月 的 公 司 会 帮 忙 缴 纳 五 月 份 的 找 你 们 代 缴 的,purchase,,
我 想 给 我 妈 交 税,pay_shui,,
我 想 补 个 税,pay_shui,,
请 问 可 以 补 个 税 吗,pay_shui,,
可 以 光 交 税 么,pay_shui,,
会 代 缴 税 吗,pay_shui,,
补 个 税 怎 么 收 费,pay_shui,,
最 高 的 吧,no_intent,,
准 备 续 签 居 住 证 了,no_intent,,
朱 嘉 佑,no_intent,,
重 新 拍 了,no_intent,,
直 接 淘 宝 付 款 吗,no_intent,,
只 需 要 五 险,no_intent,,
只 发 工 行,no_intent,,
正 规 的,no_intent,,
这 个 月 缴 纳 啦   你 看 一 下,no_intent,,
这 个 月 的 款 已 经 付,no_intent,,
这 个 月 不 用 交 了,no_intent,,
这 个 日 期,no_intent,,
长 沙,no_intent,,
怎 么 发 信 息 说 要 停 缴 了 呐,no_intent,,
在 上 海,no_intent,,
在 杭 州,no_intent,,
月 底 交,no_intent,,
园 区 的,no_intent,,
有 发 票 提 供 吗,no_intent,,
医 保 卡 什 么 时 候 可 以 使 用 ,no_intent,,
一 个 月 时 间,no_intent,,
一 个 月,no_intent,,
续 了 哦,no_intent,,
现 在 拍,no_intent,,
五 月 的,no_intent,,
我 正 常 缴 费,no_intent,,
我 来 拍,no_intent,,
我 看 到 你 们 会 提 供 截 图 的 ， 什 么 时 候 会 有 呢 ,no_intent,,
王 成 银,no_intent,,
算 这 个 月 交 的 吗,no_intent,,
苏 州 联 系 地 址,no_intent,,
苏 州,no_intent,,
四 月 的,no_intent,,
四 月,no_intent,,
社 保 这 块 什 么 费 用 ， 怀 孕 了 没 社 保,no_intent,,
社 保 编 号,no_intent,,
上 海 户 籍,no_intent,,
上 海 的,no_intent,,
上 海,no_intent,,
山 海,no_intent,,
全 部 的,no_intent,,
企 业 社 保,no_intent,,
你 们 自 己 的 公 司,no_intent,,
你 们 属 于 人 力 资 源 公 司 吗,no_intent,,
那 我 准 备 付 款 了,no_intent,,
那 我 入 职 日 期 填 什 么,no_intent,,
那 我 拍 了,no_intent,,
那 加 上 公 积 金 的 话 是 多 少 钱,no_intent,,
昆 山 的,no_intent,,
可 以 只 交 个 人 部 分 吗,no_intent,,
可 以 两 地 同 时 缴 纳 吗,no_intent,,
可 以 出 合 同 吗,no_intent,,
就 交 一 个 月,no_intent,,
基 数 的 问 题,unknown,,
杭 州,no_intent,,
还 受,no_intent,,
广 州,no_intent,,
公 司,no_intent,,
公 积 金,no_intent,,
高 新 南 区 没 有,no_intent,,
改 价 我 现 在 付 款,no_intent,,
费 用 已 付 ， 注 意 查 收,no_intent,,
多 问 一 下,chitchat,,
初 中,no_intent,,
成 都,no_intent,,
不 需 要 重 新 开 户,no_intent,,
不 客 气,chitchat,,
北 京,no_intent,,
54 岁,no_intent,,
5 月 份 的,no_intent,,
5 月 的 我 拍 下,no_intent,,
5 月,no_intent,,
5 0 0 0 基 数 能 贷 到 上 限 吗,daikuan,,
4 月 几 号,no_intent,,
4 月 份 的,no_intent,,
4 月,no_intent,,
2 月 份 的,no_intent,,
18621321922 手 机,no_intent,,
1856 啊,no_intent,,
12027 486 80 3 30 2 20 53861,no_intent,,
然 后 怎 么 弄 呢,next_step,,
然 后 呢,next_step,,
然 后,next_step,,
拍 下 后,next_step,,
接 着 呢,next_step,,
接 下 来 呢,next_step,,
我 没 有 验 证 码,missing_info,,
我 没 工 行 银 行 卡,missing_info,,
忘 了,missing_info,,
这 里 可 以 落 户 吗,luohu,,
应 届 毕 业 生 落 户 是 怎 么 办 理 的,luohu,,
想 落 户 苏 州,luohu,,
我 是 应 届 生 落 户,luohu,,
为 了 落 户 苏 州,luohu,,
太 仓 落 户,luohu,,
你 们 可 以 办 理 落 户 吗,luohu,,
能 办 理 积 分 落 户 吗,luohu,,
落 户 上 海 需 要 什 么 材 料,luohu,,
落 户,luohu,,
留 学 生 落 户 怎 么 个 流 程,luohu,,
可 以 苏 州 落 户 吗,luohu,,
可 以 办 留 学 生 落 户 吗,luohu,,
可 以 办 理 落 户 吗,luohu,,
需 要 劳 动 手 册 么,laodong,,
之 前 在 市 区 交 的,inform_payment_history,,
之 前 有 账 户,inform_payment_history,,
之 前 我 补 一 月,inform_payment_history,,
之 前 缴 过 的,inform_payment_history,,
之 前 交 综 合 保 险,inform_payment_history,,
之 前 交 的,inform_payment_history,,
之 前 公 司 有 交 的,inform_payment_history,,
在 嵊 州 办 过,inform_payment_history,,
以 前 缴 过,inform_payment_history,,
一 直 在 杭 州 的,inform_payment_history,,
一 直 没 交 过,inform_payment_history,,
我 在 上 海 有 社 保,inform_payment_history,,
我 上 次 补 几 月,inform_payment_history,,
我 没 有 开 过 户 的,inform_payment_history,,
市 区 交 了 几 个 月,inform_payment_history,,
三 月 没 交,inform_payment_history,,
交 过 啊,inform_payment_history,,
交 过,inform_payment_history,,
公 司 给 交 过 了,inform_payment_history,,
不 是 首 次 参 保,inform_payment_history,,
不 是 首 次,inform_payment_history,,
5 月 的 公 司 已 经 给 我 交 了,inform_payment_history,,
支 付 好 了,inform_paid,,
已 拍,inform_paid,,
已 经 支 付,inform_paid,,
已 经 全 部 付 了,inform_paid,,
已 经 付 款 了,inform_paid,,
已 付 款,inform_paid,,
已 付 费,inform_paid,,
已 付,inform_paid,,
我 已 经 付 了,inform_paid,,
我 下 单 了,inform_paid,,
我 提 交 完 毕,inform_paid,,
我 提 交 了,inform_paid,,
我 提 交 好 了,inform_paid,,
我 拍 了,inform_paid,,
我 拍 好 了,inform_paid,,
我 交 五 险 一 金,inform_paid,,
我 付 完 款 了,inform_paid,,
我 付 款 了,inform_paid,,
我 把 钱 付 了,inform_paid,,
提 交 了,inform_paid,,
提 交 好 了,inform_paid,,
提 交 成 功 了,inform_paid,,
提 交 成 功,inform_paid,,
四 十 我 拍 了,inform_paid,,
钱 付 过 了,inform_paid,,
拍 下 了,inform_paid,,
拍 了,inform_paid,,
拍 好 了,inform_paid,,
会 不 会 突 然 停 交 了 呢 ,inform_paid,,
付 了,inform_paid,,
付 好 钱 了,inform_paid,,
付 好 了,inform_paid,,
付 完 了,inform_paid,,
都 支 付 过 了,inform_paid,,
[表情] 付 完 了 一 个,inform_paid,,
已 填 写 好,inform_info_filled,,
已 经 好 了,inform_info_filled,,
信 息 已 经 填 完 了,inform_info_filled,,
信 息 填 好 了,inform_info_filled,,
信 息 提 交 了,inform_info_filled,,
填 完 了,inform_info_filled,,
填 好 了 谢 谢 你,inform_info_filled,,
填 好,inform_info_filled,,
提 交 了,inform_info_filled,,
这 个 月 社 保 公 积 金 以 及 服 务 费 用 已 经 缴 纳,inform_early_paid,,
社 保 交 了,inform_early_paid,,
7 月 份 社 保 公 积 金 已 拍,inform_early_paid,,
直 接 拍 么,how_to_pai,,
怎 么 拍,how_to_pai,,
在 淘 宝 拍 么,how_to_pai,,
续 保 怎 么 拍,how_to_pai,,
我 怎 么 拍,how_to_pai,,
是 在 淘 宝 在 拍 吗,how_to_pai,,
是 不 是 在 淘 宝 拍,how_to_pai,,
接 下 来 怎 么 拍,how_to_pai,,
在 没,greet,,
在 么,greet,,
在 嘛,greet,,
在 吗,greet,,
有 人 么,greet,,
有 人 吗,greet,,
有 人 不,greet,,
下 午 好,greet,,
喂,greet,,
人 呢,greet,,
亲 在 吗,greet,,
亲,greet,,
您 好 亲,greet,,
您 好,greet,,
你 好 在 吗,greet,,
你 好 我 想 问 一 下,greet,,
你 好 亲,greet,,
你 好,greet,,
美 女,greet,,
zai ma,greet,,
yourenma,greet,,
hi,greet,,
hello,greet,,
只 交 公 积 金,gongjijin_only,,
我 只 缴 公 积 金,gongjijin_only,,
光 交 公 积 金,gongjijin_only,,
公 积 金 交 吗,gongjijin_only,,
公 积 金 贷 款,gongjijin_only,,
我 再 试 试,get_back_later,,
我 再 看 看,get_back_later,,
我 先 了 解 一 下,get_back_later,,
我 明 天 上 午 办 理,get_back_later,,
我 考 虑 一 下,get_back_later,,
那 我 明 天 操 作 吧,get_back_later,,
尽 快 回 复 你,get_back_later,,
好 我 先 确 认 下,get_back_later,,
好 的 我 去 问 问,get_back_later,,
付 好 告 诉 你 哈,get_back_later,,
ok 好 了 我 联 系 你,get_back_later,,
这 样 就 算 了,forget_it,,
这 个 就 算 了,forget_it,,
要 不 能 补 算 了,forget_it,,
我 就 只 能 算 了,forget_it,,
算 了 吧,forget_it,,
算 啦,forget_it,,
园 区 呢,explore_option,,
一 金 呢,explore_option,,
要 是 加 上 社 保,explore_option,,
相 城 区 呢,explore_option,,
我 没 交 金,explore_option,,
我 不 需 要 公 积 金,explore_option,,
社 保 呢,explore_option,,
社 保 不 交,explore_option,,
上 海 的 呢,explore_option,,
那 公 积 金 呢,explore_option,,
没 有 社 保 呢,explore_option,,
没 交 社 保,explore_option,,
公 积 金 呢,explore_option,,
不 缴 社 保 呢,explore_option,,
不 缴 社 保,explore_option,,
不 交 社 保 呢,explore_option,,
不 交 社 保,explore_option,,
不 交 公 积 金 呢,explore_option,,
直 接 拍 下 吗,doublecheck,,
直 接 拍 就 行 了,doublecheck,,
直 接 拍,doublecheck,,
这 个 吗,doublecheck,,
现 在 拍 吧,doublecheck,,
先 下 单 对 吧,doublecheck,,
填 完 小 程 序 就 显 示 了 “ 服 务 要 求 成 功 ” 几 个 字 ， 这 就 可 以 啦 ,doublecheck,,
所 以 我 先 拍 吗,doublecheck,,
是 吧,doublecheck,,
社 保 还 是 按 上 月 一 样 拍 就 可 以 吧,doublecheck,,
拍 下 就 可 以 了 么,doublecheck,,
你 看 看,ask_verify,,
每 个 都 要 拍 吗,doublecheck,,
没 事 吧,doublecheck,,
可 以 转 吗,doublecheck,,
看 到 吗,doublecheck,,
好 的 直 接 拍 吗,doublecheck,,
对 吗,doublecheck,,
对 吧,doublecheck,,
都 是 杭 州 的 吧,doublecheck,,
80 是 代 缴 费,doublecheck,,
19377 那 个 直 接 付 款 吗,doublecheck,,
0 么,unknown,,
现 在 不 行,deny,,
哦 基 本 用 不 上,deny,,
没 有 交,deny,,
没 有,deny,,
不 用 啊,deny,,
不 是,deny,,
不 买,deny,,
不 会,deny,,
不 行,deny,,
不 对 了,deny,,
不 对 啊,deny,,
不,deny,,
别 这 样,deny,,
5 月 没 有,deny,,
就 贷 款,daikuan,,
公 积 金 可 以 贷 款,daikuan,,
公 积 金 贷 款 额 度,daikuan,,
贷 款 是 连 续 6 个 月 就 好 对 吧,daikuan,,
贷 款 方 便,daikuan,,
贷 款,daikuan,,
不 影 响 贷 款 吧,daikuan,,
这 里 选 什 么,confused,,
这 个 怎 么 选,confused,,
怎 么 选 呢,confused,,
咋 回 事,confused,,
验 证 码 在 哪,confused,,
验 证 码 是 什 么,confused,,
我 不 太 懂,confused,,
是 什 么 意 思 呢,confused,,
什 么 意 思,confused,,
什 么 是 个 税 记 录,confused,,
社 保 补 缴 啥 意 思 ,confused,,
啥 意 思 啊,confused,,
啥 意 思,confused,,
请 问 这 话 啥 意 思,confused,,
哪 里 啊,confused,,
还 是 怎 么 回 事 啊,confused,,
不 太 懂,confused,,
不 是 太 了 解,confused,,
不 懂,confused,,
30 2 是 啥,confused,,
163 是 什 么,confused,,
作 假 的 那 种,complicated,,
综 合 保 险,complicated,,
资 料 已 经 完 成 了,complicated,,
转 回 河 南 郑 州,complicated,,
住 院 可 以 报 销 吗,complicated,,
中 间 空 一 个 月,complicated,,
职 业 填 啥,complicated,,
直 接 问 第 三 方,complicated,,
只 做 当 月,complicated,,
只 是 额 度 受 影 响,complicated,,
只 能 一 起 交 吗,complicated,,
只 能 交 锦 江 区 吗,complicated,,
之 前 跟 你 聊 过 的,complicated,,
这 个 跟 后 面 小 孩 子 上 学 有 冲 突 嘛 ,complicated,,
这 边 公 司 要 转 入,complicated,,
找 别 家,complicated,,
怎 么 调 基,complicated,,
怎 么 算 出 来 的,complicated,,
怎 么 看 有 没 暂 停,complicated,,
怎 么 登 陆,complicated,,
在 哪 里 找,complicated,,
在 别 家 做 了,complicated,,
有 什 么 区 别 吗,complicated,,
有 客 户 这 么 做 吗,complicated,,
有 对 比 参 照 吗,complicated,,
有 必 要 交 最 高 吗,complicated,,
用 社 保 卡,complicated,,
银 行 卡 的 照 片,complicated,,
已 经 减 掉 了,complicated,,
一 月 未 缴 费,complicated,,
一 般 写 哪 天,complicated,,
也 是 老 客 户,complicated,,
也 没 查 到,complicated,,
要 验 证 码,complicated,,
要 连 续,complicated,,
验 证 码 给 我 吓,complicated,,
验 证 码,complicated,,
学 校 要 看,complicated,,
学 历 文 化 程 度,complicated,,
续 交 呢,complicated,,
需 要 停 的 对 吗,complicated,,
信 息 表 给 我,complicated,,
新 公 司 需 要,complicated,,
写 上 月 吧,complicated,,
小 城 镇 保 险,complicated,,
相 城 区 也 是 吗,complicated,,
现 在 要 怎 么 完 成,complicated,,
现 在 是 欠 费 状 态,complicated,,
现 在 是 交 几 月 的,complicated,,
现 在 离 职 了,complicated,,
现 在 付 款 给 你,complicated,,
下 个 月 我 再 办 卡,complicated,,
五 月 的 一 个 月,complicated,,
无 语 了 你 们,complicated,,
我 准 备 在 单 位 离 职 . 中 间 有 大 概 两 个 月 不 交 社 保 这 里 可 以 代 缴 吗,complicated,,
我 这 种 情 况,complicated,,
我 这 个 月 失 业,complicated,,
我 找 人 注 册 一 下,complicated,,
我 找 到 工 作 了,complicated,,
我 原 来 提 交 过,complicated,,
我 已 经 重 新 拍 了,complicated,,
我 已 经 入 住,complicated,,
我 一 直 上 海 工 作,complicated,,
我 要 找 别 家 代 缴,complicated,,
我 想 问 下 ， 这 个 广 州 社 保 的 生 育 报 销 是 什 么 ， 代 缴 的 社 保 也 能 享 受 吗,complicated,,
我 现 在 离 职 状 态,complicated,,
我 刷 卡 没 事 吧,complicated,,
我 怕 是 补 缴,complicated,,
我 那 边 才 好 交,complicated,,
我 还 能 续 上 吗,complicated,,
我 的 社 保 之 前 一 直 在 你 们 这 里 交 的   我 想 换 个 旺 旺 I D 缴 纳   行 不 行 啊,complicated,,
我 的 服 务 费 到 期 了 ,complicated,,
我 才 三 年,complicated,,
我 不 能 断 交,complicated,,
为 什 么 涨 价 了,complicated,,
外 地 人,complicated,,
外 地 没 有 工 作,complicated,,
外 地 的 能 交 吧,complicated,,
外 地 不 让 补 了,complicated,,
退 完 我 再 拍,complicated,,
同 事 也 需 要,complicated,,
同 事 补 三 四,complicated,,
调 整 到 多 少 了,complicated,,
她 补 三 四,complicated,,
所 以 需 要 转 移,complicated,,
所 以 才 考 虑 苏 州,complicated,,
是 因 为 稽 查 严 了,complicated,,
是 否 可 以 转 社 保,complicated,,
市 区 也 行,complicated,,
生 育 金 还 没 发,complicated,,
社 保 涨 了 是 吗,complicated,,
社 保 有 医 保 卡,complicated,,
社 保 是 变 高 了 吗,complicated,,
上 家 刚 转 出 来,complicated,,
上 班 呢,complicated,,
入 职 日 期 填 什 么,complicated,,
如 果 还 是 不 行,complicated,,
亲 请 问 你 们 之 前 有 帮 回 国 留 学 生 缴 社 保 吗 ,complicated,,
你 这 边 有 渠 道 吗,complicated,,
你 们 试 一 下 嘛,complicated,,
你 没 说 不 能 调 啊,complicated,,
你 觉 得 有 必 要 吗,complicated,,
能 领 多 长 时 间,complicated,,
能 办 理 社 保 转 移 吗,complicated,,
那 最 多 能 贷 多 少,complicated,,
那 现 在 要 填 什 么,complicated,,
那 我 换 家 吧,complicated,,
那 能 有 合 同 吗,complicated,,
那 就 没 办 法 了 吗,complicated,,
目 前 封 存 不 了,complicated,,
明 天 可 以 吗,complicated,,
没 有 其 他 办 法 吗,complicated,,
没 有 劳 动 合 同 吗,complicated,,
没 去 更 新 过,complicated,,
麻 烦 通 过 下,complicated,,
六 月 中 旬 才 开 始,complicated,,
六 月 就 停 缴,complicated,,
聊 城 社 保 代 缴 一 年 多 钱,complicated,,
离 职 日 期,complicated,,
老 人 也 不 行 是 么,complicated,,
可 以 代 办 吗,complicated,,
居 住 证 咋 弄,complicated,,
居 住 证 代 办 吗,complicated,,
就 去 柜 台 去 啦,complicated,,
今 天 看 还 是 停 缴,complicated,,
今 天 刚 离 职,complicated,,
缴 费 基 数 填 什 么,complicated,,
基 数 怎 么 填 写,complicated,,
积 分 之 后 再 说,complicated,,
黄 孟 琪 的 继 续 缴,complicated,,
花 呗 算 信 用 卡 么,complicated,,
户 籍 就 是 户 口,complicated,,
后 来 休 息 一 年,complicated,,
和 社 保 卡 吗,complicated,,
还 是 只 买 一 份,complicated,,
还 是 必 须 裸 的,complicated,,
还 能 改 吗,complicated,,
还 得 重 新 交 吗,complicated,,
公 司 帮 我 交 了,complicated,,
公 司 帮 忙 交,complicated,,
公 积 金 有 点 用 吗,complicated,,
公 积 金 断 了,complicated,,
工 资 呢,complicated,,
给 你 们 不 搭 嘎 的,complicated,,
刚 离 职 不 想 断,complicated,,
封 存 了,complicated,,
费 用 怎 么 算 的,complicated,,
多 少 个 月,complicated,,
但 是 还 没 更 新,complicated,,
但 是 不 能 断,complicated,,
单 独 交 生 育 险,complicated,,
承 诺 人 王 贞,complicated,,
差 价 那 个 链 接,complicated,,
不 要 工 资 个 税,complicated,,
不 说 是 查 询 晚 啊,complicated,,
不 能 中 断,complicated,,
补 交 和 正 常 交 有 什 么 区 别 ,complicated,,
必 须 是 现 金 对 吧,complicated,,
包 括 生 育 险 没 有,complicated,,
办 日 本 签 证,complicated,,
nono 最 晚 26,complicated,,
9 月 截 止 了,complicated,,
9 月 份 参 保 的 话 参 保 信 息 提 交 的 截 止 时 间 是,complicated,,
9 月 26 日 入 职,complicated,,
840 呀 怎 么 是 130601 了,complicated,,
70 每 月 乘 12 个 月,complicated,,
7 月 以 后 退 吗,complicated,,
7 月 底 刚 办 完 深 户 ， 准 备 申 请 入 户 补 贴 ， 应 该 缴 哪 一 档 的 社 保 ,complicated,,
7 号 之 后,complicated,,
6 月 份 可 以 补 交 到 2018 年 11 月 份 的 社 保 吗,complicated,,
5 月 开 始 社 保 费 用 下 调 了,complicated,,
5 月 份 公 司 会 交 但 是 我 马 上 辞 职 了 6 月 份 开 始 社 保 就 要 断 了,complicated,,
5 月 份 的 现 在 下 单 吗,complicated,,
5 月 份 的 你 们 这 边 还 是 会 交 吧,complicated,,
40 的 拍 5 份 是 吧,complicated,,
4 月 离 职 了,complicated,,
4 月 份 邮 箱 有 通 知,complicated,,
4 月 的 不 是 你 们 帮 我 缴 纳 的 嘛,complicated,,
4 5 月 的 240 的 预 调 基 的 钱 什 么 时 候 才 可 以 退,complicated,,
39735 那 个 是 什 么 呀,complicated,,
3500 觉,complicated,,
3500 的,complicated,,
2000 多 吧,complicated,,
2 3 的 基 数 是 多 少 4 月 的 是 多 少,complicated,,
2 3 4 这 几 个 月 的 比 例 能 不 能 给 我 下,complicated,,
15 号 之 前 下 单 都 可 以 交 是 吧,complicated,,
120656 是 每 月 费 用 吗,complicated,,
120656 包 括 哪 些 费 用,complicated,,
120 元 是 怎 么 回 事,complicated,,
1000 可 以 贷 50 万 吗,complicated,,
10 月 开 始,complicated,,
10 月 公 司 可 以 交 的,complicated,,
10 月 份 开 始 给 我 缴 纳,complicated,,
1 年 之 内 这 个 业 务 是 暂 停 的 是 吧,complicated,,
[图片] 单 月 是 这 个 吗,complicated,,
[表情] 那 活 不 到 60 呢,complicated,,
[表情] 可 能 会 交 不 上 是 吧,complicated,,
[表情] 还 要 分 开 啊,complicated,,
[表情] 不 知 道 的 可 以 不 写 吗,complicated,,
真 是 搞 笑,complain,,
这 不 是 理 由,complain,,
你 们 很 不 诚 信,complain,,
你 了 解 的 有 吗,complain,,
没 看 到 信 息 啊,complain,,
嗯 蛮 贵,complain,,
上 个 月 还 是 两 个,clarify,,
您 是 说 我 的,clarify,,
你 们 提 供 吗,clarify,,
缴 纳 得 公 司 名 称 是 什 么,clarify,,
40 为 啥 三 个,clarify,,
咨 询 下,chitchat,,
这 么 麻 烦,chitchat,,
这 个 月 辞 职 了,chitchat,,
这 都 要 收 费,chitchat,,
暂 时 不 想 工 作,chitchat,,
在 请 问 下,chitchat,,
又 多 收 钱,chitchat,,
有 朋 友 说,chitchat,,
辛 苦 了,chitchat,,
小 孩 还 很 小,chitchat,,
想 咨 询 下,chitchat,,
想 问 下,chitchat,,
享 受 北 京 的,chitchat,,
现 在 需 要 手 术,chitchat,,
现 在 去 拍,chitchat,,
现 在 就 填,chitchat,,
现 在 都 五 月 了 哈,chitchat,,
先 问 问,chitchat,,
我 之 前 去 医 院,chitchat,,
我 小 孩 读 书,chitchat,,
我 想 问 一 下,chitchat,,
我 想 请 问 一 下,chitchat,,
我 问 一 下,chitchat,,
我 朋 友 要 交,chitchat,,
我 很 快,chitchat,,
我 帮 她 推 荐,chitchat,,
退 来 退 去 麻 烦,chitchat,,
挺 快,chitchat,,
是 的 好 郁 闷,chitchat,,
如 果 在 你 这 缴,chitchat,,
请 问 一 下,chitchat,,
请 问,chitchat,,
亲 亲,chitchat,,
气 死 我 了,chitchat,,
那 我 去 下 单 了,chitchat,,
那 就 是 很 快 了,chitchat,,
那 好 久 能 查 到,chitchat,,
没 说 不 可 以 呀,chitchat,,
忙 忘 了,chitchat,,
马 上 就 能 做,chitchat,,
麻 烦 弄 一 下,chitchat,,
麻 烦 了,chitchat,,
麻 烦,chitchat,,
两 年 多,chitchat,,
来 吧,chitchat,,
快 点,chitchat,,
看 下 上 面 的 留 言,chitchat,,
开 票 也 要 钱,chitchat,,
今 天 我 拍 进 去,chitchat,,
换 工 作 好 麻 烦,chitchat,,
很 厉 害 啊,chitchat,,
好 几 年 的 钱,chitchat,,
好 的 我 问 问,chitchat,,
还 有 个 问 题,chitchat,,
哈 哈,chitchat,,
给 你 介 绍 朋 友 来,chitchat,,
尴 尬 了,chitchat,,
放 心 吧,chitchat,,
不 会 忘 记 的,chitchat,,
哔 哔 哔 受 不 了,chitchat,,
这 样 可 以 了 吗,check_is_possible,,
这 样 不 行 吗,check_is_possible,,
是 不 是 就 可 以 了,check_is_possible,,
是 不 是 不 行 啊,check_is_possible,,
如 果 可 以,check_is_possible,,
可 以 么,check_is_possible,,
可 以 吗,check_is_possible,,
可 以 吧,check_is_possible,,
行 吧,check_is_possible,,
不 能 弄 一 下 吗,check_is_possible,,
这 个 月 能 交 么,check_can_pay_current_month,,
这 个 月 还 能 交 吗,check_can_pay_current_month,,
现 在 能 汇 缴 么,check_can_pay_current_month,,
现 在 来 不 及 了 ,check_can_pay_current_month,,
五 月 可 以 交 吗,check_can_pay_current_month,,
五 月 还 能 缴 吗,check_can_pay_current_month,,
来 得 及 吧,check_can_pay_current_month,,
还 来 的 及 吗,check_can_pay_current_month,,
5 月 确 定 可 以 交 上 是 吧,check_can_pay_current_month,,
5 月 份 的 没 法 交 了 吗,check_can_pay_current_month,,
5 月 份 的 还 能 交 吗,check_can_pay_current_month,,
5 月 份 的 不 能 交 吗,check_can_pay_current_month,,
5 月 底 拍 是 不 是 也 来 得 及,check_can_pay_current_month,,
5 月 的 五 险 现 在 可 以 缴 纳 吗,check_can_pay_current_month,,
4 月 份 还 能 缴 么,check_can_pay_current_month,,
您 看 一 下,ask_verify,,
您 看 下,ask_verify,,
你 这 边 看 一 下,ask_verify,,
你 那 里 能 看 到 吗,ask_verify,,
你 们 再 确 认 一 下,ask_verify,,
你 们 看 看,ask_verify,,
看 得 到 么,ask_verify,,
好 了 你 看 看,ask_verify,,
公 积 金 收 到 了,ask_verify,,
帮 我 确 认 一 下,ask_verify,,
帮 我 看 一 下,ask_verify,,
帮 我 查 一 下,ask_verify,,
帮 忙 看 下 哈,ask_verify,,
一 般 几 号,ask_turnaround_time,,
要 多 久 呢,ask_turnaround_time,,
什 么 时 候 可 以 搞,ask_turnaround_time,,
什 么 时 候 搞 好,ask_turnaround_time,,
今 天 缴 什 么 时 候 能 在 系 统 看 到,ask_turnaround_time,,
几 号 可 以 转 出 来,ask_turnaround_time,,
转 出 了 吗,ask_shebao_status,,
这 边 我 的 缴 上 了 吗,ask_shebao_status,,
有 具 体 的 明 细 吗,ask_shebao_status,,
有 缴 费 明 细 吗,ask_shebao_status,,
我 这 个 月 需 要 交 多 少 钱,ask_shebao_status,,
我 想 看 下 账 单 明 细,ask_shebao_status,,
我 订 单 进 度 是 这 样 的   应 该 没 有 什 么 问 题 吧,ask_shebao_status,,
我 的 社 保 转 出 了 吗,ask_shebao_status,,
我 的 社 保 交 了 吗,ask_shebao_status,,
我 的 公 积 金 转 出 了 吗,ask_shebao_status,,
我 的 公 积 金 交 好 了 吗,ask_shebao_status,,
我 的 公 积 金 封 存 了 吗,ask_shebao_status,,
请 问 我 的 缴 公 积 金 基 数 是 多 少 ， 我 忘 记 了,ask_shebao_status,,
请 问 公 积 金 有 帮 我 转 出 吗,ask_shebao_status,,
请 不 要 停 缴 ， 我 明 天 中 午 去 缴,ask_shebao_status,,
你 们 可 以 看 到 成 功 了 吗 ,ask_shebao_status,,
那 我 八 月 份 呢,ask_shebao_status,,
麻 烦 问 下 ， 社 保 公 积 金 交 了 没,ask_shebao_status,,
交 好 了 吗,ask_shebao_status,,
公 积 金 交 了 吗,ask_shebao_status,,
帮 我 交 了 吗,ask_shebao_status,,
5 月 几 号 可 以 查 询,ask_shebao_status,,
4 月 份 的 社 保 和 公 积 金 已 经 缴 纳 了 吧,ask_shebao_status,,
你 们 可 以 开 发 票 吗,ask_kai_piao,,
可 以 开 发 票 吗,ask_kai_piao,,
可 以 发 票 吗,ask_kai_piao,,
开 发 票 可 以 吗,ask_kai_piao,,
发 票 可 以 吗,ask_kai_piao,,
怎 么 办,ask_how_now,,
我 怎 么 办 呢,ask_how_now,,
我 上 面 要 怎 么 办,ask_how_now,,
那 什 么 办 啊,ask_how_now,,
怎 么 退,ask_for_refund,,
怎 么 拿 钱,ask_for_refund,,
那 我 先 退 了 吧,ask_for_refund,,
那 你 们 先 退,ask_for_refund,,
可 以 退 吗,ask_for_refund,,
帮 我 退 款 吧,ask_for_refund,,
有 明 细 没 亲,ask_for_details,,
优 惠 吗,ask_discount,,
给 我 做 减 员 了 吗,ask_discount,,
可 以 交 补 充 公 积 金 吗,ask_can_topup_gjj,,
可 以 补 交 公 积 金 吗,ask_can_topup_gjj,,
公 积 金 怎 么 补,ask_can_topup_gjj,,
公 积 金 可 以 补 吗,ask_can_topup_gjj,,
公 积 金 补 缴,ask_can_topup_gjj,,
补 交 公 积 金 可 以 吗,ask_can_topup_gjj,,
怎 么 补 啊,ask_can_topup,,
要 补 缴 社 保,ask_can_topup,,
需 要 补 缴 社 保,ask_can_topup,,
现 在 还 能 补 么,ask_can_topup,,
我 要 补 缴 社 保,ask_can_topup,,
我 可 以 补 缴 社 保 吗,ask_can_topup,,
我 补 三 月,ask_can_topup,,
所 以 想 先 补 缴,ask_can_topup,,
社 保 可 以 补 交 吗,ask_can_topup,,
社 保 补 缴,ask_can_topup,,
上 海 社 保 能 补 缴 吗,ask_can_topup,,
上 海 社 保 可 以 补 缴 吗,ask_can_topup,,
上 海 的 社 保 可 以 补 交 吗,ask_can_topup,,
请 问 上 海 社 保 能 补 缴 吗,ask_can_topup,,
能 补 交 上 吗,ask_can_topup,,
那 我 能 补 缴 吗,ask_can_topup,,
可 以 这 样 补 缴 么,ask_can_topup,,
可 以 后 付 吗,ask_can_topup,,
可 以 补 么,ask_can_topup,,
可 以 补 吗,ask_can_topup,,
可 以 补 缴 社 保 吗,ask_can_topup,,
可 以 补 交 社 保 吗,ask_can_topup,,
断 了 的 可 以 补 吗,ask_can_topup,,
补 三 月,ask_can_topup,,
补 缴 费 用 一 样,ask_can_topup,,
手 续 费 多 少,ask_amt_service_fee,,
服 务 费 多 少 钱,ask_amt_service_fee,,
服 务 费 多 少,ask_amt_service_fee,,
代 理 费 多 少,ask_amt_service_fee,,
总 计 多 少 钱,ask_amt_month_fee_total,,
总 共 多 少 钱,ask_amt_month_fee_total,,
只 交 五 险 多 钱 少,ask_amt_month_fee_total,,
这 月 社 保 多 少,ask_amt_month_fee_total,,
一 共 多 少 钱,ask_amt_month_fee_total,,
一 个 月 是 多 少,ask_amt_month_fee_total,,
要 付 多 少 钱,ask_amt_month_fee_total,,
需 要 缴 纳 多 少 钱,ask_amt_month_fee_total,,
社 保 多 少 一 个 月,ask_amt_month_fee_total,,
请 问 一 个 月 多 少 钱,ask_amt_month_fee_total,,
每 个 月 缴 费 多 少,ask_amt_month_fee_total,,
俩 一 起 多 少,ask_amt_month_fee_total,,
缴 纳 基 数 呢,ask_amt_month_fee_total,,
缴 费 基 数 是 多 少,ask_amt_month_fee_total,,
公 积 金 最 低 队 少,ask_amt_month_fee_total,,
费 用 是 多 少,ask_amt_month_fee_total,,
费 用 和 材 料,ask_amt_month_fee_total,,
多 少 钱 了,ask_amt_month_fee_total,,
多 少 钱 ,ask_amt_month_fee_total,,
多 少 钱,ask_amt_month_fee_total,,
大 概 多 少 钱,ask_amt_month_fee_total,,
我 这 边 要 调 整 公 积 金 基 数,ask_amt_gongjijin,,
真 麻 烦 你 了,apology,,
所 以 打 扰 了,apology,,
麻 烦 您 了,apology,,
麻 烦 你 了,apology,,
不 好 意 思 哦,apology,,
不 好 意 思,apology,,
哦 哦 知 道 了 谢 谢,affirm#thankyou,,
好 的 谢 谢 你,affirm#thankyou,,
好 的 谢 谢,affirm#thankyou,,
好 的 谢 了,affirm#thankyou,,
好 吧 谢 谢 啦,affirm#thankyou,,
哦 哦 麻 烦 了,affirm#chitchat,,
做 啊,affirm,,
知 道 了,affirm,,
知 道 的,affirm,,
有 的,affirm,,
有,affirm,,
以 前 可 以,affirm,,
已 经 付 好 啦,affirm,,
要 的,affirm,,
要,affirm,,
需 要 的,affirm,,
先 这 样 吧 不 改 了,affirm,,
五 月 也 是,affirm,,
我 最 低 就 可 以,affirm,,
我 知 道,affirm,,
我 有,affirm,,
搜 好 了,affirm,,
收 费 可 以,affirm,,
是 这 样 的,affirm,,
是 的,affirm,,
是,affirm,,
确 定 是 这 个 月 哦,affirm,,
哦 哦 知 道 了,affirm,,
哦 哦 哦,affirm,,
哦 哦 好 的,affirm,,
哦 哦,affirm,,
哦 好 的,affirm,,
哦 对,affirm,,
哦,affirm,,
那 没 事,affirm,,
那 就 这 样,affirm,,
那 就 办 吧,affirm,,
那 好,affirm,,
明 白 了 的,affirm,,
明 白 了,affirm,,
明 白,affirm,,
没 问 题,affirm,,
俩 账 户 都 有,affirm,,
理 解,affirm,,
了 解 了,affirm,,
了 解,affirm,,
可 以 了,affirm,,
可 以 的,affirm,,
可 以,affirm,,
看 到 了,affirm,,
居 住 证 有 的,affirm,,
就 这 样,affirm,,
就 这 个,affirm,,
就 是,affirm,,
好 哦,affirm,,
好 那,affirm,,
好 了 哦,affirm,,
好 了,affirm,,
好 滴,affirm,,
好 的 亲,affirm,,
好 的 好 的,affirm,,
好 的,affirm,,
好 哒,affirm,,
好 吧,affirm,,
好,affirm,,
行 吧 尽 量 快 点 哦,affirm,,
行,affirm,,
哈 哈 哈 哈 好 的,affirm,,
够 的,affirm,,
嗯 呢,affirm,,
嗯 肯 定 的,affirm,,
嗯 好 稍 等,affirm,,
嗯 好,affirm,,
嗯 咯,affirm,,
嗯 嗯 是 的,affirm,,
嗯 嗯 好 的,affirm,,
嗯 嗯,affirm,,
嗯 啊,affirm,,
嗯,affirm,,
恩 呢,affirm,,
恩 好 的,affirm,,
恩,affirm,,
额 好,affirm,,
额,affirm,,
对 了,affirm,,
对 的 上 海 的,affirm,,
对 的 呢,affirm,,
对 的,affirm,,
对 啊,affirm,,
对,affirm,,
都 可 以,affirm,,
嗷 嗷 懂 了,affirm,,
嗷 嗷,affirm,,
啊,affirm,,
OK 了 都,affirm,,
ok 不 影 响 就 好,affirm,,
OK,affirm,,
1 5 月 有,affirm,,
[表情] 好,affirm,,
我 爸 自 己 不 会 查 我 不 在 家,chitchat,,
那 你 说 的 那 3000 是 什 么 意 思 呢,confused,,
这 个 跟 后 面 小 孩 子 上 学 有 冲 突 嘛,query_various_effects,,
7 月 底 刚 办 完 深 户 准 备 申 请 入 户 补 贴 应 该 缴 哪 一 档 的 社 保,query_various_effects,,
公 积 金 套 现 可 以 嘛,unsupported_request,,
可 以 提 取 公 积 金 吗,unsupported_request,,
提 取 公 积 金 可 以 嘛,unsupported_request,,
这 里 可 以 提 取 公 积 金 嘛,unsupported_request,,