General,,,,,,,,,,,,Inform,,,,,,,,FAQ,,,,,,,,,,,,,,,,,,,,,,,,,,,,,,,,,,,,do not do,,,,,,,,,Payment,,,,,,,,duration,procedure,,,,,,,special request,,,,,,,,requirement,,,,,product details,,,sales,,,,,
34,8,12,25,26,43,27,27,9,8,6,11,25,97,102,76,6,307,4,0,7,0,3,10,8,19,19,81,1,1,1,1,1,1,1,1,10,1,1,2,3,1,1,1,1,1,1,1,1,1,1,1,1,1,3,1,194,1,9,128,40,106,1,1,21,10,73,20,0,109,63,26,7,1,52,9,1,6,10,42,3,67,6,0,1,1,9,4,6,16,16,27,1,32,17,10,29,184,18,26,15,250,4
greet,apology,complain,thankyou,confused,doublecheck,hesitate,get_back_later,question_reliability,ask_how_now,beg_for_help,question_why,inform_done,inform_paid,affirm,deny,report_issue,inform,inform_notify,,unsupported_request,,ineligible_shebao,query_company_name,query_mini_program,query_phone,query_weixin,query_topup,yutiaojishu,ask_can_pay_later,can_use_card,check_requirements_employee,contact_us,check_rujilu_purpose,is_gua_kao,stop_payment_need_pay,query_break_gjj,yibaoka_when_use,shenyubaoxian_payhowlong,can_use_yibao,can_purchase,liancheng_shebao,taichan_luohu,shengyu_benefit_coverage,looking_employment,hospitalised,yibao_benefit,huabei,jietu,wechat_problem,query_mail,mail_kapian,ask_password,form_fill,fill_date,will_it_sudden_stop,complicated,unsure,ask_for_refund,ask_shebao_status,query_when_check_shebao_status,query_how_check_shebao_status,change_wangwang_id,will_fee_be_same,check_procedure_fill,ask_shebao_card_status,ask_how_much,query_xufei,,query_pay_deadline,query_pay_process,query_pay_part_only,query_have_service_fee,query_payment_schedule,ask_turnaround_time,next_step,ask_for_details,query_gjj_card,query_shebao_card,how_to_pai,check_can_dun_ban,query_req_resources,ask_discount,,ask_can_provide_resource,ask_hetong,banli,provide_resource,ask_kai_piao,request_link,query_housing,query_multiple_locations,laodong,query_pregnant,query_various_effects,query_region_coverage,query_shebao_components,ask_can_topup,daikuan,luohu,pay_shui,purchase,query_canzhangjin
在没,真麻烦你了,真是搞笑,thanks,不懂,帮忙看下哈,我和家人商量下,ok好了我联系你,真的有效吗,怎么办,出点钱也可以,163是什么,弄完了,付费了,嗯好的,现在不行,58那个进不去,最高的吧,如果有问题及时联系我,,能提取公积金吗,,老板能代缴湖南省直社保吗,你们公司的名字是什么,怎么找小程序,电话号码是多少,你们有微信吗,补缴跟按时缴有啥区别吗,预调基费什么意思,可以后付吗,我刷卡没事吧,如果我五月有新公司入职你这边还要操作么,是58同城么我找不到58社保那个,个税记录有什么用么,是挂靠公司交对么,通知你们办理停止缴纳不用收费的吧,公积金断缴有影响吗,医保卡什么时候可以使用,上海生育保险要缴纳多久,交完之后医保可以用吗,你好就是我现在要从上海离职去北京就是你们这边可以帮忙续交上海社保是吧,聊城社保代缴一年多钱,太仓落户,我想问下这个广州社保的生育报销是什么代缴的社保也能享受吗,亲需要招操作社保公积金的兼职人员吗,住院可以报销吗,如果我生病了也可以用医保看病吗,你家可以用花呗么,我看到你们会提供截图的什么时候会有呢,小程序搜到你们了在WIFI和移动流量下都登录不上去,如果续费你们会发邮件过来是吧,卡会寄给我吗,密码是什么,您好我这边在办离职手续HR那边需要我填一个公积金的处理方式如果我后续准备在你们这边办理代缴的话是选封存吗,请问代缴社保的小程序里入职时间怎么填,会不会突然停交了呢,1000可以贷50万吗,,怎么退钱,帮我交了吗,11月10号之前能查询到吗,怎么查询呢,我的社保之前一直在你们这里交的我想换个旺旺ID缴纳行不行啊,如果下个月还找你们也是一样40对吧,缴纳基数我填写3387吗,密码函还没有到吗,你们服务费多少,下个月怎么续费呢,,时间呢,怎么付费,只缴纳养老可以吗,有服务费啊,可以一月一交吗,一般几号,然后怎么弄呢,有明细没亲,公积金联名卡怎么办理的,怎么办理社保卡呢,怎么拍,30号不办不行么,必须工行卡吗,优惠吗,,可以提供收入证明吗,可以出合同吗,你们可以办理应届生补贴吗,能提供劳动合同吗,你们可以开发票吗,链接,我问一下，在你们这边代缴公积金，后面想办公积金贷款的话怎么操作呢,我想交两个地方的社保行吗,需要劳动手册么,怀孕了社保是怎么样,这个有啥影响么,你们是缴纳哪个区的 ,120656 包括哪些费用,北京公积金可以补吗,5000基数能贷到上限吗,可以办理落户吧,我想给我妈交税,4月的公司会帮忙缴纳五月份的找你们代缴的,那残章金呢
在么,所以打扰了,这不是理由,thanks you,不是太了解,帮我看一下,我和老公商量下,付好告诉你哈,你们是正规的吗,我怎么办呢,花钱也不行吗,19377那个直接付款吗,填好,都支付过了,15月有,忘了,一直进不去,只要社保可以吗,有问题及时联系我哦,,公积金提取能做吗,,61周岁能交社保吗,公司名字是啥,小程序怎么开呢,方便电话吗,可以加微信吗,补交是怎样的,,,,,,,,,公积金断缴会有什么问题吗断几个月,,,可以正常使用医保吗,能代缴北京社保吗,,,,,,,,,,,,,,那我入职日期填什么,,10月份开始给我缴纳,,怎么拿钱,当月社保交了吗,几号能查到社保,在哪能查到,,,基数怎么填写,,大概多少钱,接下来怎么交,,5月份杭州社保今天能交么,怎么交,可以只交医保吗,服务费有吗,,要多久呢,然后呢,,公积金联名卡怎么弄,弄社保卡,在淘宝拍么,可以不办吗,必须交什么,给我做减员了吗,,,,可以帮忙办理补贴吗,需要在职证明,可以开发票吗,可拍了吗,影响买房吗,可以交不同地区的社保吗,,现在怀孕四个月之前上海社保已经交满一年交到生产当月可以领生育津贴吗,社保断了会有影响吗,你们缴纳哪个区呢,包含养老吗,北京社保可以补缴,就贷款,,我想补个税,4月份的要开始买,残章金
在嘛,麻烦您了,你们很不诚信,thank you,不太懂,帮我确认一下,我和老婆商量下,好的我去问问,这种代缴没有什么问题吧,我上面要怎么办,出钱也不能提供吗,302是啥,填好了谢谢你,付好了,3290这个貌似是,哦基本用不上,都没收到,朱嘉佑,有事几时通知,,你家无锡有代缴嘛,,今年61岁能交社保吗,缴纳得公司名称是什么,小程序怎么开,,加微信可以吗,补交跟按时交有什么差别,,,,,,,,,公积金断缴会有什么影响,,,,广州可以代缴吗,,,,,,,,,,,,,,一般写哪天,,10月公司可以交的,,那我先退了吧,到账了吗,几号可以去查社保,在哪里能查到,,,缴费基数填什么,密码函什么时候到,缴费基数是多少,续费是怎么样,,五月可以交吗,怎么付钱,可以只交养老吗,不加服务费的吧,,什么时候可以搞,然后,,联名卡怎么办理,办理社保卡,续保怎么拍,是不是需要代缴,必须提供什么吗,是能给我交少5月份的保险吧,,,,我想办理杭州的本科补贴,你们能提供材料吗,可以发票吗,给我链接,买房呢,能同时交两地吗,,怀孕可以交社保吗,社保断缴有什么影响吗,你们服务包括哪些地区,包括生育险没有,补交可以吗,公积金可以贷款,可以办理落户吗,请问可以补个税吗,,残章金是怎么算
在吗,麻烦你了,你了解的有吗,tks,还是怎么回事啊,不能弄一下吗,我再考虑下吧,好我先确认下,你们这靠谱吗,那什么办啊,花钱也不能办理吗,40为啥三个,填完了,付好钱了,5月有,没有交,出了问题,重新拍了,有事几时通知我,,公积金套现可以嘛,,,你们公司叫什么名啊,小程序,方便电话咨询下吗,有微信吗,社保补缴啥意思,,,,,,,,,如果公积金断了会有什么后果,,,,,,,,,,,,,,,,,,,,有可能交不上对吗,,那你们先退,改个价谢谢,几号能查到,我怎么查询,,,那现在要填什么,,代缴社保费用,以后怎么续费,,五月还能缴吗,怎么付款,可以只交3险吗,你们有服务费不,,什么时候搞好,拍下后,,怎么办理联名卡,社保卡怎么弄,我怎么拍,,不出具资料,打折,,,,杭州学历补贴能办理吗,需要一份离职证明,开发票可以吗,哦给个链接,房屋中介能缴,可以两地同时缴纳吗,,社保可以交吗 我怀孕了,那有什么影响吗,你们交哪个区的,包括养老吗,补缴6月的,公积金贷款额度,,可以光交税么,,残章金怎么算
有人么,不好意思哦,没看到信息啊,感谢,哪里啊,都是杭州的吧,我再想想,尽快回复你,你们这个靠谱吧我同事有两个也想办一个月的,那就没办法了吗,帮帮忙不行吗,你的意思还是要社保和公积金都在你这里一起交是吧,信息填好了,付了,ok,没有,出现了状况,广州的,,,可以提取公积金吗,,,你们公司叫什么,什么微信小程序,给我你们的电话,那边有没有微信,补缴社保会有什么影响,,,,,,,,,公积金断了会有什么后果,,,,,,,,,,,,,,,,,,,,120656是每月费用吗,,可以退吗,改价我现在付款,三月什么时候可以查到,网上可以查询吗,,,入职日期填什么,密码函什么时间到,缴纳基数呢,之后怎么续费,,本月已经晚了吧,怎么操作,只交养老可以吗,有没有服务费,,今天缴什么时候能在系统看到,接着呢,,公积金卡怎么领取,社保卡怎么领取,是在淘宝在拍吗,,都需要什么资料,有没有打折,,,,我要办理杭州应届生补贴,,发票可以吗,拍哪个链接呢,发送缴纳通知,我要是两地代缴,,我怀孕了,会有事嘛,你们缴纳哪个地区呢,包括医疗吗,补缴费用一样,贷款是连续6个月就好对吧,可以办留学生落户吗,会代缴税吗,5月份的你们这边还是会交吧,
有人吗,不好意思,嗯蛮贵,感谢哦,请问这话啥意思,对吧,我在考虑下,那我明天操作吧,可靠的吗,现在怎么办,帮帮忙吧,验证码在哪,已经好了,付完了,ok不影响就好,不用啊,出了状况,只需要五险,,,提取公积金可以嘛,,,怎么称呼你们公司,怎么找你们的小程序,可以电话联系下吗,可以加v吗,补社保啥意思,,,,,,,,,断交公积金会有什么影响,,,,,,,,,,,,,,,,,,,,120元是怎么回事,,帮我退款吧,公积金交了吗,社保什么时候可以查到账情况,怎么查询,,,职业填啥,,多少钱,什么时间来续费呢,,5月份的还能交吗,怎么办理呢,只交3险可以吗,你们收服务费吗,,几号可以转出来,接下来呢,,怎么去办理公积金联名卡,怎么领取社保卡呢,是不是在淘宝拍,,参保资料,可以打个折吗,,,,杭州的应届生补贴可以办理吗,,有发票提供吗,能给个链接吗,补缴对孩子上学和买房有影响吗,同时交两地可以吗,,我怀孕了还可以继续缴吗,这样会有什么影响,你们服务包括哪些区,代缴包括公司部分和个人部分吗,补缴是这样的吗,贷款方便,可以苏州落户吗,补个税怎么收费,按最低的,
有人不,我的错,这没理由,感谢亲,啥意思,对吗,我在想想,我会联系你们,你们公司有效吗,我该怎么办,,什么是个税记录,已填写好,付完了一个,OK了都,不是,,只发工行,,,这里可以提取公积金嘛,,,你好请问如果选择你们代缴上海社保你们是以哪家公司名义缴纳,小程序怎么找,,加weixin可以吗,补交和正常交有什么区别,,,,,,,,,断了交公积金会有什么影响,,,,,,,,,,,,,,,,,,,,15号之前下单都可以交是吧,,您吧退款处理下,交好了吗,什么时候可以查询到,如何查询,,,,社保卡到了吗,多少钱了,续费还是这样拍吗,,5月份的不能交吗,怎么办理,只交医保可以吗,收服务费啊,,社保到账要多久,接下来怎么弄,,,社保卡是怎么办理的,接下来怎么拍,,都需要什么资料啊,,,,,杭州社保我要领取补贴用的,,,可以拍了吗,会不会影响买房,同时交两地社保可以吗,,怀孕了社保怎么弄,不影响吧,那边可以交苏州哪个区,代缴包括医疗部分吗,补三月,贷款,留学生落户怎么个流程,我想交税可以吗,按最低的交,
下午好,是我的错,我真的无语,合作愉快,啥意思啊,行吧,我考虑一下,我明天上午办理,你们公司可靠的吗,现在要怎么完成,,为啥,写好了,公积金收到了,啊,不买,,正规的,,,,,,缴纳公司名称是什么,要小程序怎么搜索,可以电话咨询吗,有没有微信,补缴和正常缴纳有什么区别,,,,,,,,,公积金断了会有什么影响,,,,,,,,,,,,,,,,,,,,1年之内这个业务是暂停的是吧,,怎么退,六月份过了吗,什么时候能查到,你好我在哪里查询社保金额是否已经到账呢,,,我填这个月吗,社保卡还没到吗,费用和材料,下个月什么时间来续费,,最晚什么时候下单,我需要做什么,只要交医保,,,一般要多久,做完了怎么弄,,,我可以领社保卡吗,怎么拍5个呢,,都需要提供给你什么资料,,,,,这边可以帮忙办理杭州补贴吗,,,有链接吗,不影响买房吧,能同时交上海与北京的吗,,怀孕能代缴吗,对于孩子上学有影响吗,那边是缴纳哪些区呢,能帮忙介绍下社保吗,断了的可以补吗,不影响贷款吧,,这里可以交税嘛,按最低交,
喂,,开什么玩笑,哦哦谢谢,什么意思,帮我查一下,我先了解一下,我明天早上填吧,可靠吗,,,为啥是今天,资料已经完成了,交了,嗷嗷,不会,,chengdu,,,,,,公司的名字是什么,,,weixin号,补交是啥,,,,,,,,,如果公积金断了会有什么影响,,,,,,,,,,,,,,,,,,,,2000多吧,,45月的240的预调基的钱什么时候才可以退,麻烦问下社保公积金交了没,现在可以查询吗,缴纳可以查看记录吗,,,职日期怎么填,,费用是多少,下个月还是来这里拍吗,,这个月上海的社保还能代缴吗,如何付费,只要交养老,,,大概几号,还是在这里拍宝贝吗,,,你们这里能领卡吗,直接拍么,,都需要我准备什么,,,,,我想办理应届生补贴杭州的,,,拍哪个,比如购房,能同时交北京上海的吗,,怀孕能交上海社保吗,这个跟后面小孩子上学有冲突嘛,你们缴纳哪个区,社保包含什么,公积金补缴,公积金贷款,落户,可以补税吗,北京社保可以交吗,
人呢,,开什么搞笑,谢啦,是什么意思呢,看到吗,我再看看,我去问问我有个朋友要不要补缴,,,,为什么,写完了,缴吧缴吧我拍了,嗷嗷懂了,不行,,guangzhou,,,,,,你们公司名字是啥,,你电话多少,可以添加微信吗,补缴是怎么样的,,,,,,,,,如果公积金断缴会有什么影响,,,,,,,,,,,,,,,,,,,,234这几个月的比例能不能给我下,,,那我八月份呢,要多久能查到,查询社保资格,,,,社保卡弄完了吗,公积金最低队少,我什么时间来续费呢,,需要缴纳五月份社保和公积金最迟几号提交,社保是怎么付费的,一金可以不缴纳吗,,,要大概多久,,,,你们这边可以领卡的吧,现在拍吧,,参保要什么资料,,,,,,,,拍哪个宝贝,购房呢,要同时交上海广州呢,,怀孕能交北京社保吗,社保断缴会有什么问题吗,你们缴纳几个区,社保包括医疗保险吗,公积金贷款认可补缴吗,你们办理贷款吗,落户办理吗,可以补税不,长沙社保代缴怎么收费,
人嗯,,你们到底干嘛,谢了,我不太懂,看得到么,我回去想一想,弄完了再找你,,,,验证码是什么,做好了,拍好了,都可以,不对了,,这个月不用交了,,,,,,,,你好单位有固定电话嘛,你们微信是什么,补缴跟正常代缴有什么不同,,,,,,,,,,,,,,,,,,,,,,,,,,,,,23的基数是多少4月的是多少,,,你好五月份时侯输的社保交了吧,什么时候可以查到,查询缴纳,,,月填什么啊,社保卡什么时候好,公积金最低多少,续费还是这样拍么,,,那我怎么下单,可以只交公司部分吗,,,大概什么时候搞好,,,,,每个都要拍吗,,还需要其他的么,,,,,,,,能拍吗,因为我想要购房,要同时交上海杭州呢,,怀孕能缴纳吗,社保断了会有什么问题吗,,社保代缴是五险都包含的吧,公积金可以补交吗,办贷款,落户可以办理吗,你们可以交税么,长沙社保怎么交的,
亲在吗,,你们干嘛,谢谢,咋回事,可以吧,我先想一下,我再试试,,,,,做完了,拍了,对,不对啊,,这个日期,,,,,,,,,你们的微信号是什么,补缴跟正常代缴有什么差别,,,,,,,,,,,,,,,,,,,,,,,,,,,,,40的拍5份是吧,,,你好五月份石后书的社保交了吧,请问几号可以查到,社保怎么查,,,基数填什么,,就是一个月交多少钱呢,续费还是这样拍淘宝么,,现在能汇缴么,那我怎么办理,可以只交个人部分吗,,,要多少时间,,,,,好的直接拍吗,,好需要提供啥,,,,,,,,能拍么,我想在苏州买房,要一起交苏州与上海的可以吗,,怀孕了怎么缴纳,不会有影响吧,,社保都包括什么,公积金可以补缴吗,办理贷款,,可以交税,成都社保,
亲,,,谢谢啊,这什么意思,可以吗,让我回去考虑一下,好的我拍了再通知你们,,,,,好了你看看,拍下了,对啊,不,,长沙,,,,,,,,你好这边咨询电话是多少啊,你们的微信号是啥,补缴社保跟正常代缴有什么差别,,,,,,,,,,,,,,,,,,,,,,,,,,,,,4月的不是你们帮我缴纳的嘛,,,你们可以看到成功了吗,社保几号可以查到账情况,社保如何查询,,,不知道的可以不写吗,我的密码函到了吗,俩一起多少,下个月怎么续费啊,,现在还能补么,流程再给我下,五险一金可以交个人部分的吗,,,多久才能到账,,,,,现在汇缴怎么拍,,几号之前需要提交资料,,,,,,,,可以拍不,因为我马上要买房会有什么影响,要一起交杭州跟上海的可以吗,,怀孕了怎么去代缴,有没有影响,,社保都交了什么啊,公积金可以补吗,贷款办理可以吗,落户上海需要什么材料,我想交税,成都社保可以交吗,
您好亲,,,谢谢啦,怎么回事啊,可以么,好的有需要会找你们的,我弄好了再找你,,,,,已经弄好了,钱付过了,对的,别这样,,市区,,,,,,,,你们有电话么,你们微信号是啥,补缴社保跟正常代缴有什么差异,,,,,,,,,,,,,,,,,,,,,,,,,,,,,4月份邮箱有通知,,,您好居住证要签注了我拍哪一个,1月的什么时候能查到,哪里去看社保资格,,,月写啥,,您好五险一金服务费怎么收,下个月怎么续费,,,流程是什么,只交养老,,,多久才会到账,,,,,怎么去拍,,交上北京社保要提供什么,,,,,,,,拍哪里的,你好在吗想问一下我姐姐长沙的房子赠送给我但我不是长沙户口这种可以吗,要一起交广州跟上海的可以吗,,怀孕交广州社保,会影响孩子上学吗,,社保哪几种,公积金怎么补,贷款办理,能办理积分落户吗,我是想交税,代缴,
您好,,,谢谢你哈,怎么选呢,可以转吗,让我想一想,弄完了再通知你,,,,,我写好了,社保交了,对的呢,5月没有,,在上海,,,,,,,,你有电话么我电话跟你说下比较清楚,,补缴跟正常代缴有什么差异,,,,,,,,,,,,,,,,,,,,,,,,,,,,,7月底刚办完深户准备申请入户补贴应该缴哪一档的社保,,,请不要停缴，我明天中午去缴,2月的什么时候能查到,哪里去看社保过了,,,职业写啥,我的社保卡好了吗,每个月缴费多少,怎么续费,,,流程是,只交医保,,,多久才到账,,,,,哦怎么拍啊,,交上海社保要什么资料,,,,,,,,请问我要拍哪个宝贝,长沙二套房首付是多少知道吗,要一起交北京跟上海的可以吗,,怀孕交广州社保可以吗,不会有事吧,,社保有几个部分,就补交9月份,可不可以办贷款,,因为我要交税,代缴杭州社保怎么收费,
你好在吗,,,谢谢你啦,这个怎么选,没事吧,让我考虑一下,我先上班晚上再说吧,,,,,都写好了,四十我拍了,对的上海的,这样就算了,,在杭州,,,,,,,,你这边电话给我一个,weixin,补交和正常交有什么差异,,,,,,,,,,,,,,,,,,,,,,,,,,,,,有可能不成功,,,请不要停缴我明天中午去缴,3月的什么时候能查到,怎么查社保到账了,,,那缴纳基数写啥,,那我最终是要交多少,下个月的怎么续费,,四月的要五月初缴纳吧,流程,只交3险,,,多久完成,,,,,那么怎么去拍,,交什么材料,,,,,,,,我应拍哪个,我目的是为了买苏州全区的房子,需要交两地的,,怀孕交杭州社保,会出问题吗,,社保有哪几个部分,可不可以补缴,可以贷款,能办理落户吗,,代缴期间我能用医保卡买药吗,
你好我想问一下,,,谢谢你了,这里选什么,那我们需要把钱转到你们帐户是吗,让我再考虑,晚一点再说,,,,,都弄完了,提交成功,对了,这个就算了,,月底交,,,,,,,,亲你们这边有电话咨询吗,vxin,补交和正常交有什么不同,,,,,,,,,,,,,,,,,,,,,,,,,,,,,5月份的现在下单吗,,,请问公积金有帮我转出吗,4月的什么时候能查到,有那里能看到社保资格,,,请问我该写哪个月,我什么时候能领取到卡,你好贵店代缴长沙社保每个月缴多少,下一月的怎么续费,,现在四月的可以交对吧,还是要怎么交,只交养老可以吧,,,多久才成功,,,,,我在淘宝拍吗,,缴纳社保公积金需要准备什么资料,,,,,,,,,,需要付两地的,,怀孕交杭州社保可以吗,不连续会有什么影响,,社保有什么部分,可以补3月份的社保吗,那就贷款吧,能办理落户嘛,,代缴社保,
你好亲,,,谢谢你哦,不明白,你看看,让我再想想,晚一点回复你,,,,,已经做完了,提交成功了,那没事 谢谢,要不能补算了,,园区的,,,,,,,,手机号码,加v,补缴会有什么影响,,,,,,,,,,,,,,,,,,,,,,,,,,,,,5月份公司会交但是我马上辞职了6月份开始社保就要断了,,,请问社保交了吗,5月的什么时候能查到,我可以询查社保过了吗,,,缴纳基数该写什么,,公积金基数怎么算,下月怎么续费呢,,我先交5月份的,付款怎么操做呢,只交医保可以吧,,,要多久才能到账,,,,,要在淘宝拍吗,,没代缴过要提供什么材料,,,,,,,,,,需要缴两地的,,怀孕交上海社保,,,社保主要包括什么的,可以补交公积金吗,我问一下在你们这边代缴公积金后面想办公积金贷款的话怎么操作呢,能不能办理落户,,代缴社保费用是怎么收费的呀,
你好,,,谢谢您,不太懂哦,你们看看,我想一下,我确认一下,,,,,已经办好了,提交好了,额,我就只能算了,,hangzhou,,,,,,,,我想电话咨询,加你的weixin,补缴会有影响吗,,,,,,,,,,,,,,,,,,,,,,,,,,,,,5月开始社保费用下调了,,,请问我的缴公积金基数是多少我忘记了,6月的什么时候能查到,社保怎么去查,,,缴纳基数怎么填啊,,基数最低是多少,续费,,算这个月交的吗,费用怎么走,只交3险可以吧,,,要多久才会到账,,,,,直接淘宝付款吗,,没代缴过要提供什么吗,,,,,,,,,,代缴不同地方,,怀孕交上海社保可以吗,,,五险一金都有吗,可以补交社保吗,,你们办落户吗,,代缴是怎么代缴的,
美女,,,谢谢您哦,我不太清楚,你们提供吗,我跟家人讲一下,搞好了联系你们,,,,,已经填完了,提交了,额好,算了吧,,之前有交过社保,,,,,,,,,加你们微信,补缴会有什么后果吗,,,,,,,,,,,,,,,,,,,,,,,,,,,,,6月份可以补交到2018年11月份的社保吗,,,我的公积金转出了吗,7月的什么时候能查到,怎么查社保,,,写上月吧,,请问成都代缴社保多少钱,续交呢,,几号要交,费用怎么收取,只要代缴养老,,,要多久才到账,,,,,亲怎么拍,,那我应该提供些什么材料,,,,,,,,,,交不同的地方,,怀孕了能交社保吗,,,五险一金里面含公积金吗,可以补缴吗,,你们可以办理落户吗,,公积金交吗,
zaima,,,谢谢哦,我不清,你们再确认一下,我跟家人商量,弄好了再联系你,,,,,弄好了,我按照你发的拍,恩,算啦,,一个月时间,,,,,,,,有电话可以直接沟通吗,,补缴会有后果吗,,,,,,,,,,,,,,,,,,,,,,,,,,,,,70每月乘12个月,,,请问我的社保到账了吗,8月的什么时候能查到,怎么查社保资格,,,这个怎么写,,请问一个月多少钱,,,现在来不及了,参保流程,只要代缴医保,,,要多久完成,,,,,在淘宝拍吗,,参保要提供什么资料,,,,,,,,,,在不同的地方交,,怀孕交社保可以吗,,,五险一金有几个部分,可以补缴社保吗,,亲请问你们之前有帮回国留学生缴社保吗,,公积金也能交吗,
yourenma,,,谢谢亲,我听不清,你那里能看到吗,稍等哦,我晚一点联系你们,,,,,我弄完了,我把钱付了,恩好的,我没有验证码,,一个月,,,,,,,,有电话吗,,,,,,,,,,,,,,,,,,,,,,,,,,,,,,,7号之后,,,社保到账了不,9月的什么时候能查到,在哪里能查到社保,,,职业怎么填啊,,上海多少,,,还来的及吗,比例怎么缴费的,只要代缴3险,,,要多久才成功,,,,,要拍淘宝的吗,,那要什么交,,,,,,,,,,在不同地方交可以吗,,孕妇可以交社保吗,,,这个代缴有包括医疗吗,可以补吗,,苏州落户,,光交公积金,
hi,,,真的谢谢你,你说啥,你这边看一下,稍等一下,支付了会联系,,,,,我填好了,我付款了,恩呢,我没工行银行卡,,续了哦,,,,,,,,有没有电话我明天给你们客服打电话吧,,,,,,,,,,,,,,,,,,,,,,,,,,,,,,,7月底刚办完深户，准备申请入户补贴，应该缴哪一档的社保,,,社保到账了吗,10月的什么时候能查到,那么我怎么查社保,,,填当月吗,,社保和公积金基数是,,,来得及吧,还是什么流程,只缴养老,,,要等多久才能到账,,,,,去那里交,,缺什么,,,,,,,,,,交不同地方的,,孕妇可以代缴吗,,,社保包括什么,可以补么,,为了落户苏州,,光缴纳公积金可以吗,
hello,,,谢呀,你们啥意思,您看下,稍微等,支付过了会跟你说,,,,,已经填好了,我付完款了,够的,没了,,现在拍,,,,,,,,有咨询电话嘛,,,,,,,,,,,,,,,,,,,,,,,,,,,,,,,7月以后退吗,,,社保到账了没,11月的什么时候能查到,怎么去查社保,,,,,社保多少一个月,,,我还来得及吗,还是怎么付,只缴医保,,,要等多久才会到账,,,,,怎么买,,什么时候需要资料呀,,,,,,,,,,要一起交广州跟杭州的可以吗,,孕妇能交社保吗,,,社保包括了什么,可以交补充公积金吗,,我就是为了苏州落户,,广州社保可以交吗,
nihao,,,谢啊,这个话啥意思,您看一下,稍微等一下哦,等一会儿再联系你,,,,,已经填完,我交五险一金,哈哈哈哈好的,没有了,,苏州的不是首次,,,,,,,,,,补交跟正常代缴有什么不同,,,,,,,,,,,,,,,,,,,,,,,,,,,,,840呀怎么是130601了,,,社保还是按上月一样拍就可以吧,12月的什么时候能查到,公积金怎么查询,,,,,社保加公积金上海的一个月差不多要多少,,,今天还来得及吗,你们帮我交流程是什么样的,只缴3险,,,要等多久才到账,,,,,那么怎么去买,,是要什么么,,,,,,,,,,在不同地方交可以不,,孕妇能交吗,,,五险包括什么,可以这样补缴么,,我是应届生落户,,五险,
那边有人吗,,,,你说了啥,直接拍下吗,稍等啊,好了联系你,,,,,,我拍好了,行,不要,,我正常缴费,,,,,,,,,,补交跟正常代缴有什么差别,,,,,,,,,,,,,,,,,,,,,,,,,,,,,9月26日入职,,,社保交了吗,1月什么时候能查到成功缴费信息呢,请问怎么查社保,,,,,社保加公积金我每个月要交多少钱,,,还来的及不,怎么操作么,单独交生育险,,,要等多久完成,,,,,怎么下单,,首保需要提供什么资料吗,,,,,,,,,,在不同地方交可以吧,,孕妇能缴纳吗,,,五险是包括啥,那我能补缴吗,,我要交杭州社保落户用的,,杭州社保可以交吗,
早,,,,,拍下就可以了么,亲稍等哦,弄好了会联系你们,,,,,,我拍了,行吧尽量快点哦,不要了,,我来拍,,,,,,,,,,补交跟正常代缴有什么区别,,,,,,,,,,,,,,,,,,,,,,,,,,,,,9月份参保的话参保信息提交的截止时间是,,,我的服务费到期了,2月什么时候能查到成功缴费信息呢,我怎么查社保啊,,,,,社保这块什么费用怀孕了没社保,,,现在还来得及吗,社保怎么付费,,,,要等多久才成功,,,,,还是怎么下单,,首次需要什么材料吗,,,,,,,,,,可以在不同地方交吧,,怀孕了,,,包括生育吗,能补交上吗,,想落户,,交北京社保,
早安,,,,,确定是这个月哦,,,,,,,,我提交好了,好,没啊,,当月可以吗,,,,,,,,,,补交跟正常代缴有什么差异,,,,,,,,,,,,,,,,,,,,,,,,,,,,,9月截止了,,,我的公积金封存了吗,3月什么时候能查到成功缴费信息呢,在哪能查到社保,,,,,社保最低档多少钱,,,我现在来得及吗,五险一金怎么付费,,,,一般多久才能到账,,,,,那么怎么去下单,,首次要提供什么,,,,,,,,,,,,怀孕了能交上海社保吗,,,社保包含啥,能补缴多长时间的,,想落户苏州,,交北京社保可以吗,
早安你好,,,,,如果可以,,,,,,,,我提交了,好吧,没有啊,,王成银,,,,,,,,,,补交跟正常代缴有什么分别,,,,,,,,,,,,,,,,,,,,,,,,,,,,,nono最晚26,,,我想看下账单明细,4月什么时候能查到成功缴费信息呢,我要怎么查社保是否成功了呢,,,,,手续费多少,,,我现在还来得及吗,请问社保怎么付费,,,,一般多久才会到账,,,,,那么怎么下单,,苏州社保要提供什么,,,,,,,,,,,,怀孕了能交北京社保吗,,,五险包含什么呢,能补缴吗,,想直接在苏州开户,,交成都社保,
人呀,,,,,上个月还是两个,,,,,,,,我提交完毕,好哒,没有谢谢,,在苏州园区,,,,,,,,,,补交跟按时缴有什么不同,,,,,,,,,,,,,,,,,,,,,,,,,,,,,办日本签证,,,我的公积金交好了吗,5月什么时候能查到成功缴费信息呢,我要怎么查公积金是否成功了呢,,,,,现在一个月最低是多少钱,,,还来得及吧,社保怎么付的,,,,一般多久才到账,,,,,下单呢,,我需要提供什么,,,,,,,,,,,,怀孕了能交成都社保吗,,,,能做补缴吗,,应届毕业生落户是怎么办理的,,交成都社保可以吗,
在不,,,,,所以我直接拍就好了,,,,,,,,我下单了,好的,没了谢谢你,,苏州联系地址,,,,,,,,,,补交跟按时缴有什么差别,,,,,,,,,,,,,,,,,,,,,,,,,,,,,必须是现金对吧,,,我的社保到账了,6月什么时候能查到成功缴费信息呢,怎么去查社保有没有交上了,,,,,需要缴纳多少钱,,,当月还来得及吗,社保怎么付费呢,,,,一般多久完成,,,,,请问怎么下单,,我要提供什么,,,,,,,,,,,,怀孕了能交苏州社保吗,,,,你好社保你这能补交吗,,,,交工资加社保,
在不在,,,,,是吧,,,,,,,,我已经付了,好的[emoji],没有谢了亲,,苏州,,,,,,,,,,补交跟按时缴有什么区别,,,,,,,,,,,,,,,,,,,,,,,,,,,,,不能中断,,,我的社保过了吗,7月什么时候能查到成功缴费信息呢,怎么看到缴纳记录,,,,,要付多少钱,,,当月还来得及交吗,请问付费的流程是怎么样,,,,一般多久才成功,,,,,请问怎么去拍,,我要准备什么资料么,,,,,,,,,,,,怀孕了能交广州社保吗,,,,你们可以补交几个月呢,,这里可以落户吗,,交广州社保,
有没有人啊,,,,,是不是不行啊,,,,,,,,信息提交了,好的好的,不要的,,交当月的,,,,,,,,,,补交跟按时缴有什么差异,,,,,,,,,,,,,,,,,,,,,,,,,,,,,不说是查询晚啊,,,我的社保交了吗,8月什么时候能查到成功缴费信息呢,社保怎么查询,,,,,一个月是多少,,,今天来得及吧,流程是怎么样的,,,,大概多久才能到账,,,,,怎么拍啊,,需要哪些资料,,,,,,,,,,,,,,,,可以补交几个月呢,,,,交广州社保可以吗,
喂你好,,,,,是不是就可以了,,,,,,,,信息已经填完了,好的亲,不交,,北京市,,,,,,,,,,补交跟按时缴有什么分别,,,,,,,,,,,,,,,,,,,,,,,,,,,,,不要工资个税,,,我的社保转出了吗,9月什么时候能查到成功缴费信息呢,我怎么知道你们给我交没,,,,,一个月是多少钱的,,,现在交还可以吧,交社保是什么流程,,,,大概多久才会到账,,,,,怎么去买,,需要啥,,,,,,,,,,,,,,,,请问上海社保能补缴吗,,,,交杭州社保,
,,,,,是社保和公积金要各付40服务费嘛,,,,,,,,已付,好滴,没,,最低基数,,,,,,,,,,补交跟正常缴有什么不同,,,,,,,,,,,,,,,,,,,,,,,,,,,,,差价那个链接,,,我订单进度是这样的应该没有什么问题吧,10月什么时候能查到成功缴费信息呢,我怎么知道你们给我交了,,,,,一共多少钱,,,现在交还可以吗,缴纳流程是啥,,,,大概多久才到账,,,,,怎么下单啊,,需要啥材料,,,,,,,,,,,,,,,,上海的社保可以补交吗,,,,交杭州社保可以吗,
,,,,,所以我先拍吗,,,,,,,,已付费,好了,无,,社保编号,,,,,,,,,,补交跟正常缴有什么差别,,,,,,,,,,,,,,,,,,,,,,,,,,,,,承诺人王贞,,,我这边要调整公积金基数,11月什么时候能查到成功缴费信息呢,我怎么知道你们有没有给我交社保,,,,,这个社保公积金一共多少钱,,,现在交还行吗,缴纳怎么收取,,,,大概多久完成,,,,,怎么去买啊,,需要什么材料,,,,,,,,,,,,,,,,上海公积金可以补吗,,,,交上海社保,
,,,,,这个吗,,,,,,,,已付款,好了哦,哦 不要,,上海户籍,,,,,,,,,,补交跟正常缴有什么区别,,,,,,,,,,,,,,,,,,,,,,,,,,,,,,,,我这个月需要交多少钱,12月什么时候能查到成功缴费信息呢,我怎么知道你们给我交了社保,,,,,这月社保多少,,,交当月来得及吗,缴费怎么走,,,,大概多久才成功,,,,,现在怎么拍,,需要什么吗,,,,,,,,,,,,,,,,上海可以补缴吗,,,,交上海社保可以吗,
,,,,,这样不行吗,,,,,,,,费用已付注意查收,好那,这样啊 那算了吧,,上海的,,,,,,,,,,补交跟正常缴有什么差异,,,,,,,,,,,,,,,,,,,,,,,,,,,,,单月是这个吗,,,转出了吗,几号可以去查社保呢,怎么查你们交了,,,,,总共多少钱,,,付当月的还可以吗,缴费怎么交的,,,,大概要多久才能到账,,,,,现在怎么下单,,需要什么信息,,,,,,,,,,,,,,,,上海社保可以补缴吗,,,,交社保,
,,,,,这样可以了吗,,,,,,,,已经付款了,好哦,没有了谢谢,,上海,,,,,,,,,,补交跟正常缴有什么分别,,,,,,,,,,,,,,,,,,,,,,,,,,,,,但是不能断,,,准备续签居住证了,大概几号能查,怎么去查社保是否交上了,,,,,总计多少钱,,,当月的还可以吗,缴费是怎么交的,,,,大概要多久才会到账,,,,,嗯怎么买,,需要什么资料,,,,,,,,,,,,,,,,上海社保能补缴吗,,,,交社保可以吗,
,,,,,直接拍就行了,,,,,,,,已经购买请帮忙缴费,就是,不要了谢谢,,山海,,,,,,,,,,补交跟正常交有什么不同,,,,,,,,,,,,,,,,,,,,,,,,,,,,,但是还没更新,,,有没有到账,大概几号可以查,怎么查社保是否交上了,,,,,最低的额度是多少,,,,那么社保是怎么付费的,,,,大概要多久才到账,,,,,好的怎么下单,,需要提供什么材料,,,,,,,,,,,,,,,,社保补缴,,,,交社保主要为了以后娃娃读书可以吧,
,,,,,填完小程序就显示了服务要求成功几个字这就可以啦,,,,,,,,已经全部付了,就这个,先不要,,全部的,,,,,,,,,,补交跟正常交有什么差别,,,,,,,,,,,,,,,,,,,,,,,,,,,,,调整到多少了,,,怎么发信息说要停缴了呐,,怎么去询查,,,,,社保那个钱是具体怎么计算的呢,,,现在还能交吗,那边的流程是怎么样,,,,大概要多久完成,,,,,好的怎么去买,,需要提供什么资料,,,,,,,,,,,,,,,,社保可以补交吗,,,,可以代缴成都社保吗,
,,,,,直接拍就好了吗,,,,,,,,已经支付,就这样,先不做吧,,企业社保,,,,,,,,,,补交跟正常交有什么区别,,,,,,,,,,,,,,,,,,,,,,,,,,,,,多少个月,,,这边我的缴上了吗,,哪里可以询查,,,,,代理费多少,,,现在还可以交吧,整个流程是怎么样的,,,,大概要多久才成功,,,,,那么怎么拍,,需要提供什么资料吗,,,,,,,,,,,,,,,,社保可以补缴吗,,,,可以代缴公积金吗,
,,,,,你们属于人力资源公司吗,,,,,,,,已拍,居住证有的,先不弄,,你们自己的公司,,,,,,,,,,补交跟正常交有什么差异,,,,,,,,,,,,,,,,,,,,,,,,,,,,,费用怎么算的,,,有缴费明细吗,,哪里可以查,,,,,多少手续费我补给你,,,现在还能交吧,整个流程是啥,,,,需要多久才能到账,,,,,,,参保材料,,,,,,,,,,,,,,,,社保可以补吗,,,,可以代缴昆山社保吗,
,,,,,,,,,,,,,这个月社保公积金以及服务费用已经缴纳,看到了,没了谢谢,,那我准备付款了,,,,,,,,,,补交跟正常交有什么分别,,,,,,,,,,,,,,,,,,,,,,,,,,,,,封存了,,,有具体的明细吗,,怎么查社保呢,,,,,服务费多少,,,社保还可以交吗,交费怎么走,,,,需要多久才会到账,,,,,,,需要提交哪些资料,,,,,,,,,,,,,,,,市区能补缴吗,,,,可以代缴五险吗,
,,,,,,,,,,,,,支付好了,可以,没有谢了,,那我拍了,,,,,,,,,,补缴跟正常有什么不同,,,,,,,,,,,,,,,,,,,,,,,,,,,,,刚离职不想断,,,1月几号可以查询,,我要怎么知道是否交成功了呢,,,,,服务费多少钱,,,已经晚了吗,交费流程,,,,需要多久才到账,,,,,,,需要我提供什东西吗,,,,,,,,,,,,,,,,所以想先补缴,,,,可以代缴五险一金吗,
,,,,,,,,,,,,,已经付好啦,可以的,没有谢谢你,,昆山的,,,,,,,,,,补缴跟正常有什么差别,,,,,,,,,,,,,,,,,,,,,,,,,,,,,给你们不搭嘎的,,,2月几号可以查询,,我要怎么查询呢,,,,,服务费五险一金多少,,,现在还行吗,交费的流程,,,,需要多久完成,,,,,,,要提供什么东西,,,,,,,,,,,,,,,,我补三月,,,,可以单独缴纳社保吗,
,,,,,,,,,,,,,这个月的款已经付,可以了,没有的,,园区,,,,,,,,,,补缴跟正常有什么区别,,,,,,,,,,,,,,,,,,,,,,,,,,,,,公积金有点用吗,,,3月几号可以查询,,我怎么查公积金,,,,,社保公积金一起做收多少服务费啊,,,现在还能下吗,流程呢,,,,需要多久才成功,,,,,,,需要我提供什么吗,,,,,,,,,,,,,,,,我可以补缴社保吗,,,,可以交社保不,
,,,,,,,,,,,,,这个月缴纳啦你看一下,了解,不用了谢谢,,suzhou,,,,,,,,,,补缴跟正常有什么差异,,,,,,,,,,,,,,,,,,,,,,,,,,,,,公司帮忙交,,,4月几号可以查询,,我怎么查社保是否交上了,,,,,公积金基数,,,这个月的还能交吗,交公积金的流程,,,,大概要多久,,,,,,,要哪些材料,,,,,,,,,,,,,,,,我想补缴之前的社保,,,,可以只交社保吗,
,,,,,,,,,,,,,我拍了你发的,了解了,不要只是问一下,,就交一个月,,,,,,,,,,补缴跟正常有什么分别,,,,,,,,,,,,,,,,,,,,,,,,,,,,,公司帮我交了,,,5月几号可以查询,,我怎么查公积金是否交上了,,,,,公积金基数是多少,,,这个月的还来的及吗,付公积金的流程,,,,一般多久,,,,,,,要啥材料吗,,,,,,,,,,,,,,,,我想补一下之前的社保,,,,那我需要交社保,
,,,,,,,,,,,,,1月份社保公积金已拍,理解,嗯没有了,,杭州,,,,,,,,,,补缴跟正常交有什么不同,,,,,,,,,,,,,,,,,,,,,,,,,,,,,工资呢,,,6月几号可以查询,,我怎么查社保,,,,,公积金基数多少,,,这个月的还可以吗,该怎么操作,,,,需要多久啊,,,,,,,要提供什么东西吗,,,,,,,,,,,,,,,,我想补之前的公积金可以吗,,,,那要怎么交,
,,,,,,,,,,,,,2月份社保公积金已拍,俩账户都有,嗯没了,,还受,,,,,,,,,,补缴跟正常交有什么差别,,,,,,,,,,,,,,,,,,,,,,,,,,,,,孩子们要上学了,,,7月几号可以查询,,我怎么知道是否缴纳成功,,,,,你好问一下7900的基数公积金代缴是付多少,,,这个月的还可以交吗,流程是怎么样,,,,大概多久,,,,,,,要我提供什么东西,,,,,,,,,,,,,,,,我要补缴社保,,,,你好可以代缴杭州西湖区的吗,
,,,,,,,,,,,,,3月份社保公积金已拍,没错,没有问题了,,广州,,,,,,,,,,补缴跟正常交有什么区别,,,,,,,,,,,,,,,,,,,,,,,,,,,,,还得重新交吗,,,8月几号可以查询,,我怎么查到账记录,,,,,服务费怎么算,,,截止日期是什么时候,你们的流程是啥,,,,要等多久,,,,,,,要什么资料吗,,,,,,,,,,,,,,,,五险可以补交么,,,,你好我想代缴社保成都,
,,,,,,,,,,,,,4月份社保公积金已拍,没问题,没有谢谢亲,,公司,,,,,,,,,,补缴跟正常交有什么差异,,,,,,,,,,,,,,,,,,,,,,,,,,,,,还能改吗,,,9月几号可以查询,,缴纳记录在哪里,,,,,社保基数多少,,,1月的五险现在可以缴纳吗,你们的流程是怎么样的,,,,,,,,,,,要提供什么,,,,,,,,,,,,,,,,需要补缴社保,,,,你好我这边是杭州的想问下从你们这边办社保公积金是怎么弄的,
,,,,,,,,,,,,,5月份社保公积金已拍,明白,没有谢谢你哦,,公积金,,,,,,,,,,补缴跟正常交有什么分别,,,,,,,,,,,,,,,,,,,,,,,,,,,,,还是必须裸的,,,10月几号可以查询,,怎么看到社保是否交上了,,,,,社保基数是多少的,,,3月的五险现在可以缴纳吗,交社保的流程是怎么样,,,,,,,,,,,怎么提交资料的,,,,,,,,,,,,,,,,要补缴社保,,,,你可以帮忙代交社保是吗,
,,,,,,,,,,,,,6月份社保公积金已拍,明白了,目前没有,,高新南区没有,,,,,,,,,,补交社保跟正常代缴有什么不同,,,,,,,,,,,,,,,,,,,,,,,,,,,,,还是只买一份,,,11月几号可以查询,,怎么看到社保是否交好了,,,,,你们首次费多少,,,6月的五险现在可以缴纳吗,缴费的流程,,,,,,,,,,,只交社保需要我提供给你什么,,,,,,,,,,,,,,,,以前交过公积金可以补吗,,,,你们可以缴纳成都社保吗,
,,,,,,,,,,,,,7月份社保公积金已拍,明白了的,目前没有了,,shanghai,,,,,,,,,,补交社保跟正常代缴有什么差别,,,,,,,,,,,,,,,,,,,,,,,,,,,,,还要分开啊,,,12月几号可以查询,,怎么查询社保有没有交上了,,,,,有首次费吗,,,7月的五险现在可以缴纳吗,缴费流程,,,,,,,,,,,资料呢,,,,,,,,,,,,,,,,怎么补啊,,,,你们是以什么单位代缴的,
,,,,,,,,,,,,,8月份社保公积金已拍,那好,不要只是想问,,beijing,,,,,,,,,,补交社保跟正常代缴有什么区别,,,,,,,,,,,,,,,,,,,,,,,,,,,,,和社保卡吗,,,1月的几号可以查,,我是怎么知道社保交上了没有,,,,,首次费怎么算,,,9月的五险现在可以缴纳吗,我怎么操作,,,,,,,,,,,提供什么,,,,,,,,,,,,,,,,这个你这里能查询补缴吗,,,,你这可以代缴杭州五险一金是吗,
,,,,,,,,,,,,,9月份社保公积金已拍,那就办吧,没有只想问,,初中,,,,,,,,,,补交社保跟正常代缴有什么差异,,,,,,,,,,,,,,,,,,,,,,,,,,,,,后来休息一年,,,2月的几号可以查,,我怎么知道社保交上了没,,,,,首次费有啊,,,10月的五险现在可以缴纳吗,流程到底是怎么样的,,,,,,,,,,,交社保要什么材料,,,,,,,,,,,,,,,,之前的公积金能补吗,,,,您好我想咨询一下代缴五险一金,
,,,,,,,,,,,,,10月份社保公积金已拍,那就这样,没有只想问一下,,成都,,,,,,,,,,补交社保跟正常代缴有什么分别,,,,,,,,,,,,,,,,,,,,,,,,,,,,,户籍就是户口,,,3月的几号可以查,,我怎么知道社保到账了没,,,,,首次收费吗,,,11月的五险现在可以缴纳吗,缴纳流程是怎么样的,,,,,,,,,,,交社保要什么资料,,,,,,,,,,,,,,,,之前交的公积金能补吗,,,,您好我想咨询一下上海代缴五险一金,
,,,,,,,,,,,,,11月份社保公积金已拍,那没事,不想交,,不需要重新开户,,,,,,,,,,补交社保跟按时缴有什么不同,,,,,,,,,,,,,,,,,,,,,,,,,,,,,花呗算信用卡么,,,4月的几号可以查,,网上可以看到社保资格吗,,,,,开户费,,,12月的五险现在可以缴纳吗,交社保流程是啥,,,,,,,,,,,代缴需要什么材料,,,,,,,,,,,,,,,,之前交过的公积金能补吗,,,,请问可以帮忙交社保公积金北京的,
,,,,,,,,,,,,,12月份社保公积金已拍,嗯,不想买,,北京,,,,,,,,,,补交社保跟按时缴有什么差别,,,,,,,,,,,,,,,,,,,,,,,,,,,,,黄孟琪的继续缴,,,5月的几号可以查,,网上可以查社保吗,,,,,开户要多少,,,1月的社保现在可以缴纳吗,你们交社保的流程是怎么样的,,,,,,,,,,,代缴需要提供什么吗,,,,,,,,,,,,,,,,可以补1月社保吗,,,,请问可以帮忙交社保公积金成都的,
,,,,,,,,,,,,,1月的社保已拍了,嗯啊,不要交,,54岁,,,,,,,,,,补交社保跟按时缴有什么区别,,,,,,,,,,,,,,,,,,,,,,,,,,,,,积分之后再说,,,6月的几号可以查,,网上可以查社保啊,,,,,开户费怎么算,,,2月的社保现在可以缴纳吗,交上上海社保是什么流程的,,,,,,,,,,,要代缴需要提供什么吗,,,,,,,,,,,,,,,,可以补2月社保吗,,,,请问杭州公积金代缴是吧,
,,,,,,,,,,,,,2月的社保已拍了,嗯咯,不要买,,只交五险,,,,,,,,,,补交社保跟按时缴有什么差异,,,,,,,,,,,,,,,,,,,,,,,,,,,,,今天刚离职,,,7月的几号可以查,,可以在网上查社保吗,,,,,一共多少,,,3月的社保现在可以缴纳吗,需要我做什么,,,,,,,,,,,必须交什么东西吗,,,,,,,,,,,,,,,,可以补3月社保吗,,,,请问可以帮忙交社保公积金把广州的,
,,,,,,,,,,,,,3月的社保已拍了,嗯好,我不要,,5月的我拍下,,,,,,,,,,补交社保跟按时缴有什么分别,,,,,,,,,,,,,,,,,,,,,,,,,,,,,今天看还是停缴,,,8月的几号可以查,,在哪里可以查到呢,,,,,只交社保多少钱,,,4月的社保现在可以缴纳吗,,,,,,,,,,,,要提供什么啊,,,,,,,,,,,,,,,,可以补4月社保吗,,,,请问可以代缴上海社保吗,
,,,,,,,,,,,,,4月的社保已拍了,嗯好稍等,嗯不要谢谢,,只要五险,,,,,,,,,,补交社保跟正常缴有什么不同,,,,,,,,,,,,,,,,,,,,,,,,,,,,,就去柜台去啦,,,9月的几号可以查,,在哪里可以查到,,,,,只交五险多钱少,,,5月的社保现在可以缴纳吗,,,,,,,,,,,,还缺什么,,,,,,,,,,,,,,,,可以补5月社保吗,,,,请问可以挂公司代缴吗,
,,,,,,,,,,,,,5月的社保已拍了,嗯肯定的,嗯没有谢谢,,4月几号,,,,,,,,,,补交社保跟正常缴有什么差别,,,,,,,,,,,,,,,,,,,,,,,,,,,,,居住证代办吗,,,10月的几号可以查,,在这里代缴后怎么知道交上了,,,,,五险一金多少啊,,,6月的社保现在可以缴纳吗,,,,,,,,,,,,还缺什么东西,,,,,,,,,,,,,,,,可以补6月社保吗,,,,请问可以开吗,
,,,,,,,,,,,,,6月的社保已拍了,嗯呢,哦没有了谢谢,,广州的不是首次,,,,,,,,,,补交社保跟正常缴有什么区别,,,,,,,,,,,,,,,,,,,,,,,,,,,,,居住证咋弄,,,11月的几号可以查,,代缴后怎么知道交上了,,,,,交五险一金要多少钱,,,7月的社保现在可以缴纳吗,,,,,,,,,,,,还缺什么东西吗,,,,,,,,,,,,,,,,可以补7月社保吗,,,,上海社保,
,,,,,,,,,,,,,7月的社保已拍了,嗯嗯,哦没有,,我是交市区的,,,,,,,,,,补交社保跟正常缴有什么差异,,,,,,,,,,,,,,,,,,,,,,,,,,,,,可能会交不上是吧,,,12月的几号可以查,,代缴后如何查交上了,,,,,总计多少,,,8月的社保现在可以缴纳吗,,,,,,,,,,,,,,,,,,,,,,,,,,,,可以补8月社保吗,,,,上海社保公积金代缴怎么办理收费,
,,,,,,,,,,,,,8月的社保已拍了,嗯嗯好的,哦没有谢谢,,我是交园区的,,,,,,,,,,补交社保跟正常缴有什么分别,,,,,,,,,,,,,,,,,,,,,,,,,,,,,可以代办吗,,,1月进账吗,,1月的怎么查,,,,,总共是多少,,,9月的社保现在可以缴纳吗,,,,,,,,,,,,,,,,,,,,,,,,,,,,可以补9月社保吗,,,,上海社保可以交吗,
,,,,,,,,,,,,,9月的社保已拍了,嗯嗯是的,嗯没有了谢谢,,18621321922手机,,,,,,,,,,补交社保跟正常交有什么不同,,,,,,,,,,,,,,,,,,,,,,,,,,,,,老人也不行是么,,,2月进账吗,,2月的怎么查,,,,,社保总共多少,,,10月的社保现在可以缴纳吗,,,,,,,,,,,,,,,,,,,,,,,,,,,,可以补10月社保吗,,,,上海这边社保公积金代缴要怎么收费呢,
,,,,,,,,,,,,,10月的社保已拍了,哦,哦没了谢谢,,1856啊,,,,,,,,,,补交社保跟正常交有什么差别,,,,,,,,,,,,,,,,,,,,,,,,,,,,,离职日期,,,3月进账吗,,3月的怎么查,,,,,首次费多少,,,11月的社保现在可以缴纳吗,,,,,,,,,,,,,,,,,,,,,,,,,,,,可以补11月社保吗,,,,社保,
,,,,,,,,,,,,,11月的社保已拍了,哦对,nono,,1.20E+20,,,,,,,,,,补交社保跟正常交有什么区别,,,,,,,,,,,,,,,,,,,,,,,,,,,,,六月就停缴,,,4月进账吗,,4月的怎么查,,,,,一共怎么算,,,12月的社保现在可以缴纳吗,,,,,,,,,,,,,,,,,,,,,,,,,,,,可以补12月社保吗,,,,社保+公积金,
,,,,,,,,,,,,,12月的社保已拍了,哦好的,no,,市区也行,,,,,,,,,,补交社保跟正常交有什么差异,,,,,,,,,,,,,,,,,,,,,,,,,,,,,六月中旬才开始,,,5月进账吗,,5月的怎么查,,,,,总共怎么算,,,1月的社保现在可以代缴吗,,,,,,,,,,,,,,,,,,,,,,,,,,,,1月社保能补吗,,,,社保不想断可以在你这里交吗,
,,,,,,,,,,,,,1月的支付过了,哦哦,nope,,北京的,,,,,,,,,,补交社保跟正常交有什么分别,,,,,,,,,,,,,,,,,,,,,,,,,,,,,麻烦通过下,,,6月进账吗,,6月的怎么查,,,,,,,,2月的社保现在可以代缴吗,,,,,,,,,,,,,,,,,,,,,,,,,,,,2月社保能补吗,,,,社保代缴吗,
,,,,,,,,,,,,,2月的支付过了,哦哦好的,目前不要,,苏州市区,,,,,,,,,,补缴社保跟正常有什么不同,,,,,,,,,,,,,,,,,,,,,,,,,,,,,没去更新过,,,7月进账吗,,7月的怎么查,,,,,,,,3月的社保现在可以代缴吗,,,,,,,,,,,,,,,,,,,,,,,,,,,,3月社保能补吗,,,,社保单位有交,
,,,,,,,,,,,,,3月的支付过了,哦哦哦,现在不要,,之前在市区交的,,,,,,,,,,补缴社保跟正常有什么差别,,,,,,,,,,,,,,,,,,,,,,,,,,,,,没有劳动合同吗,,,8月进账吗,,8月的怎么查,,,,,,,,4月的社保现在可以代缴吗,,,,,,,,,,,,,,,,,,,,,,,,,,,,4月社保能补吗,,,,社保公积金,
,,,,,,,,,,,,,4月的支付过了,是,,,之前有账户,,,,,,,,,,补缴社保跟正常有什么区别,,,,,,,,,,,,,,,,,,,,,,,,,,,,,没有其他办法吗,,,9月进账吗,,9月的怎么查,,,,,,,,5月的社保现在可以代缴吗,,,,,,,,,,,,,,,,,,,,,,,,,,,,5月社保能补吗,,,,社保公积金呢,
,,,,,,,,,,,,,5月的支付过了,是的,,,之前我补一月,,,,,,,,,,补缴社保跟正常有什么差异,,,,,,,,,,,,,,,,,,,,,,,,,,,,,明天可以吗,,,10月进账吗,,10月的怎么查,,,,,,,,6月的社保现在可以代缴吗,,,,,,,,,,,,,,,,,,,,,,,,,,,,6月社保能补吗,,,,社保还是不可以交吗,
,,,,,,,,,,,,,6月的支付过了,是这样的,,,之前缴过的,,,,,,,,,,补缴社保跟正常有什么分别,,,,,,,,,,,,,,,,,,,,,,,,,,,,,目前封存不了,,,11月进账吗,,11月的怎么查,,,,,,,,7月的社保现在可以代缴吗,,,,,,,,,,,,,,,,,,,,,,,,,,,,7月社保能补吗,,,,社保和公积金这个月能代缴的吧,
,,,,,,,,,,,,,7月的支付过了,收费可以,,,之前交综合保险,,,,,,,,,,补缴社保跟正常交有什么不同,,,,,,,,,,,,,,,,,,,,,,,,,,,,,那活不到60呢,,,12月进账吗,,12月的怎么查,,,,,,,,8月的社保现在可以代缴吗,,,,,,,,,,,,,,,,,,,,,,,,,,,,8月社保能补吗,,,,社保缴纳,
,,,,,,,,,,,,,8月的支付过了,搜好了,,,之前交的,,,,,,,,,,补缴社保跟正常交有什么差别,,,,,,,,,,,,,,,,,,,,,,,,,,,,,那能有合同吗,,,1月的过了吗,,1月的社保怎么去查,,,,,,,,9月的社保现在可以代缴吗,,,,,,,,,,,,,,,,,,,,,,,,,,,,9月社保能补吗,,,,社保可以交吗,
,,,,,,,,,,,,,9月的支付过了,我有,,,之前公司有交的,,,,,,,,,,补缴社保跟正常交有什么区别,,,,,,,,,,,,,,,,,,,,,,,,,,,,,那我换家吧,,,2月的过了吗,,2月的社保怎么去查,,,,,,,,10月的社保现在可以代缴吗,,,,,,,,,,,,,,,,,,,,,,,,,,,,10月社保能补吗,,,,社保一共交满几年,
,,,,,,,,,,,,,10月的支付过了,我知道,,,在嵊州办过,,,,,,,,,,补缴社保跟正常交有什么差异,,,,,,,,,,,,,,,,,,,,,,,,,,,,,那最多能贷多少,,,3月的过了吗,,3月的社保怎么去查,,,,,,,,11月的社保现在可以代缴吗,,,,,,,,,,,,,,,,,,,,,,,,,,,,11月社保能补吗,,,,社保怎么缴纳,
,,,,,,,,,,,,,11月的支付过了,我最低就可以,,,以前缴过,,,,,,,,,,补缴社保跟正常交有什么分别,,,,,,,,,,,,,,,,,,,,,,,,,,,,,能办理社保转移吗,,,4月的过了吗,,4月的社保怎么去查,,,,,,,,12月的社保现在可以代缴吗,,,,,,,,,,,,,,,,,,,,,,,,,,,,12月社保能补吗,,,,是怎么收费的呀,
,,,,,,,,,,,,,12月的支付过了,先这样吧不改了,,,一直在杭州的,,,,,,,,,,,,,,,,,,,,,,,,,,,,,,,,,,,,,,,能领多长时间,,,5月的过了吗,,5月的社保怎么去查,,,,,,,,1月份还能缴么,,,,,,,,,,,,,,,,,,,,,,,,,,,,1月社保可以补吗,,,,苏州的可以代缴吗,
,,,,,,,,,,,,,1月社保已付费了,需要的,,,一直没交过,,,,,,,,,,,,,,,,,,,,,,,,,,,,,,,,,,,,,,,你觉得有必要吗,,,6月的过了吗,,6月的社保怎么去查,,,,,,,,2月份还能缴么,,,,,,,,,,,,,,,,,,,,,,,,,,,,2月社保可以补吗,,,,苏州可以交社保吗,
,,,,,,,,,,,,,2月社保已付费了,要,,,我在上海有社保,,,,,,,,,,,,,,,,,,,,,,,,,,,,,,,,,,,,,,,你没说不能调啊,,,7月的过了吗,,7月的社保怎么去查,,,,,,,,3月份还能缴么,,,,,,,,,,,,,,,,,,,,,,,,,,,,3月社保可以补吗,,,,苏州社保,
,,,,,,,,,,,,,3月社保已付费了,要的,,,我上次补几月,,,,,,,,,,,,,,,,,,,,,,,,,,,,,,,,,,,,,,,你们代缴社保后期可以领取生育津贴吗,,,8月的过了吗,,8月的社保怎么去查,,,,,,,,4月份还能缴么,,,,,,,,,,,,,,,,,,,,,,,,,,,,4月社保可以补吗,,,,苏州市的五险一金公司的可以代缴吗,
,,,,,,,,,,,,,4月社保已付费了,以前可以,,,我没有开过户的,,,,,,,,,,,,,,,,,,,,,,,,,,,,,,,,,,,,,,,你们试一下嘛,,,9月的过了吗,,9月的社保怎么去查,,,,,,,,5月份还能缴么,,,,,,,,,,,,,,,,,,,,,,,,,,,,5月社保可以补吗,,,,苏州市区社保,
,,,,,,,,,,,,,5月社保已付费了,有,,,市区交了几个月,,,,,,,,,,,,,,,,,,,,,,,,,,,,,,,,,,,,,,,可以改基数吗,,,10月的过了吗,,10月的社保怎么去查,,,,,,,,6月份还能缴么,,,,,,,,,,,,,,,,,,,,,,,,,,,,6月社保可以补吗,,,,苏州园区社保,
,,,,,,,,,,,,,6月社保已付费了,有的,,,三月没交,,,,,,,,,,,,,,,,,,,,,,,,,,,,,,,,,,,,,,,你这边有渠道吗,,,11月的过了吗,,11月的社保怎么去查,,,,,,,,7月份还能缴么,,,,,,,,,,,,,,,,,,,,,,,,,,,,7月社保可以补吗,,,,维洛代缴的,
,,,,,,,,,,,,,7月社保已付费了,知道的,,,交过啊,,,,,,,,,,,,,,,,,,,,,,,,,,,,,,,,,,,,,,,应该缴哪一个社保,,,12月的过了吗,,12月的社保怎么去查,,,,,,,,8月份还能缴么,,,,,,,,,,,,,,,,,,,,,,,,,,,,8月社保可以补吗,,,,我是要申请贷款但是公司交付到4月5月20号左右就退出了需要代缴5月的公积金不能断,
,,,,,,,,,,,,,8月社保已付费了,知道了,,,交过,,,,,,,,,,,,,,,,,,,,,,,,,,,,,,,,,,,,,,,请问如果五月份我找到工作了不用你们代缴了社保和公积金是你们直接封存,,,1月的社保交了吗,,去年6月怎么查,,,,,,,,9月份还能缴么,,,,,,,,,,,,,,,,,,,,,,,,,,,,9月社保可以补吗,,,,交五险,
,,,,,,,,,,,,,9月社保已付费了,做啊,,,公司给交过了,,,,,,,,,,,,,,,,,,,,,,,,,,,,,,,,,,,,,,,如果还是不行,,,2月的社保交了吗,,去年7月怎么查,,,,,,,,10月份还能缴么,,,,,,,,,,,,,,,,,,,,,,,,,,,,10月社保可以补吗,,,,代缴五险,
,,,,,,,,,,,,,10月社保已付费了,好的谢谢,,,不是首次参保,,,,,,,,,,,,,,,,,,,,,,,,,,,,,,,,,,,,,,,上班呢,,,3月的社保交了吗,,去年8月怎么查,,,,,,,,11月份还能缴么,,,,,,,,,,,,,,,,,,,,,,,,,,,,11月社保可以补吗,,,,,